Latitude,Longitude,Value
-67.5,-62.5,1.357868575
-62.5,-77.5,1.233206867
-62.5,-72.5,1.107758633
-62.5,-67.5,0.956245009
-62.5,-62.5,0.716527234
-62.5,-42.5,3.577278663
-57.5,-82.5,0.940206623
-57.5,-77.5,0.92755541
-57.5,-72.5,0.84415092
-57.5,-67.5,0.804713094
-57.5,-62.5,0.94389896
-57.5,-57.5,0.919397988
-57.5,-52.5,1.260841467
-57.5,-47.5,1.251764955
-57.5,167.5,0.891690949
-57.5,177.5,1.084504798
-52.5,-177.5,1.118789943
-52.5,-172.5,1.168660351
-52.5,-167.5,1.064608043
-52.5,-162.5,0.932541002
-52.5,-157.5,0.889046184
-52.5,-152.5,0.696335726
-52.5,-147.5,0.529519009
-52.5,-82.5,0.952761433
-52.5,-77.5,0.856567832
-52.5,-72.5,0.530858066
-52.5,-67.5,0.893106382
-52.5,-62.5,1.429427679
-52.5,-57.5,1.421669398
-52.5,-52.5,2.006123944
-52.5,-47.5,2.305981583
-52.5,-42.5,2.098236461
-52.5,-37.5,0.967055355
-52.5,47.5,3.091707184
-52.5,52.5,3.03331394
-52.5,57.5,2.671700898
-52.5,62.5,2.341353203
-52.5,67.5,2.087223908
-52.5,72.5,1.906520484
-52.5,77.5,1.859451359
-52.5,82.5,1.8397020610000001
-52.5,87.5,1.958187598
-52.5,92.5,1.959665199
-52.5,97.5,1.976607282
-52.5,102.5,1.913205453
-52.5,107.5,1.844801153
-52.5,112.5,1.819521814
-52.5,137.5,1.72893684
-52.5,147.5,1.590155823
-52.5,152.5,1.554650709
-52.5,157.5,1.67685431
-52.5,162.5,1.674913463
-52.5,167.5,1.527028461
-52.5,172.5,1.255811907
-52.5,177.5,1.191543409
-47.5,-177.5,1.472504774
-47.5,-172.5,1.545747944
-47.5,-167.5,1.516053364
-47.5,-162.5,1.410090241
-47.5,-157.5,1.284747334
-47.5,-152.5,1.096831091
-47.5,-147.5,1.157862135
-47.5,-142.5,0.982041979
-47.5,-137.5,0.596896847
-47.5,-132.5,0.508333437
-47.5,-87.5,1.276024792
-47.5,-82.5,1.314578323
-47.5,-77.5,1.292177108
-47.5,-72.5,1.180764833
-47.5,-67.5,1.32610059
-47.5,-62.5,2.08996714
-47.5,-57.5,2.393974864
-47.5,-52.5,2.706370541
-47.5,-47.5,2.964569761
-47.5,-42.5,2.689331581
-47.5,-37.5,2.192316549
-47.5,-32.5,1.904369424
-47.5,22.5,2.690432196
-47.5,27.5,2.570240108
-47.5,32.5,2.465775277
-47.5,37.5,2.293581745
-47.5,42.5,2.472382763
-47.5,47.5,2.640106586
-47.5,52.5,2.4400526830000002
-47.5,57.5,2.517475734
-47.5,62.5,2.333847652
-47.5,67.5,2.081870873
-47.5,72.5,1.846116985
-47.5,77.5,2.008511358
-47.5,82.5,2.118746754
-47.5,87.5,2.157473311
-47.5,92.5,2.180538469
-47.5,97.5,2.1787757
-47.5,102.5,2.032040878
-47.5,107.5,1.827771245
-47.5,112.5,1.826809265
-47.5,117.5,1.975194664
-47.5,122.5,1.965707755
-47.5,127.5,1.942370587
-47.5,132.5,2.03021247
-47.5,137.5,2.175647099
-47.5,142.5,2.297347022
-47.5,147.5,2.329008077
-47.5,152.5,2.221868191
-47.5,157.5,2.289194137
-47.5,162.5,2.108508018
-47.5,167.5,1.787588364
-47.5,172.5,1.606310588
-47.5,177.5,1.473611911
-42.5,-177.5,1.945419154
-42.5,-172.5,1.869342772
-42.5,-167.5,1.889435905
-42.5,-162.5,1.755320462
-42.5,-157.5,1.627613006
-42.5,-152.5,1.498229298
-42.5,-147.5,1.341239275
-42.5,-142.5,1.299145499
-42.5,-137.5,1.286169824
-42.5,-132.5,1.197551361
-42.5,-127.5,1.16578221
-42.5,-122.5,1.126348417
-42.5,-87.5,1.517262736
-42.5,-82.5,1.773806918
-42.5,-77.5,1.818165595
-42.5,-72.5,1.417364544
-42.5,-67.5,2.440920815
-42.5,-62.5,2.687424122
-42.5,-57.5,3.125424915
-42.5,-52.5,3.463882295
-42.5,-47.5,3.2732288
-42.5,-42.5,2.884501997
-42.5,-37.5,2.3391423160000002
-42.5,-32.5,2.127410207
-42.5,-27.5,1.875939053
-42.5,-22.5,1.727668084
-42.5,-17.5,1.627422554
-42.5,-12.5,1.980685845
-42.5,-7.5,2.321137911
-42.5,-2.5,2.498659982
-42.5,2.5,2.615530218
-42.5,7.5,2.85027989
-42.5,12.5,2.850166873
-42.5,17.5,2.83155122
-42.5,22.5,2.56584578
-42.5,27.5,2.410314796
-42.5,32.5,2.227986435
-42.5,37.5,2.214048764
-42.5,42.5,2.162214392
-42.5,47.5,2.348381922
-42.5,52.5,2.578902415
-42.5,57.5,2.510818316
-42.5,62.5,2.366972518
-42.5,67.5,2.115231902
-42.5,72.5,1.928029236
-42.5,77.5,1.915291708
-42.5,82.5,2.007971311
-42.5,87.5,2.071200771
-42.5,92.5,2.16653496
-42.5,97.5,2.188696498
-42.5,102.5,1.943660604
-42.5,107.5,1.681036146
-42.5,112.5,1.636449456
-42.5,117.5,1.733162415
-42.5,122.5,1.838782021
-42.5,127.5,1.898570591
-42.5,132.5,2.140772583
-42.5,137.5,2.376869151
-42.5,142.5,2.586466891
-42.5,147.5,2.645770876
-42.5,152.5,2.649415119
-42.5,157.5,2.508314841
-42.5,162.5,2.295328622
-42.5,167.5,2.000450409
-42.5,172.5,2.058491541
-42.5,177.5,1.847912302
-37.5,-177.5,2.062072237
-37.5,-172.5,2.041383152
-37.5,-167.5,2.049438112
-37.5,-162.5,1.988992178
-37.5,-157.5,1.95365378
-37.5,-152.5,1.952785448
-37.5,-147.5,1.987920789
-37.5,-142.5,1.729201835
-37.5,-137.5,1.665747588
-37.5,-132.5,1.640224998
-37.5,-127.5,1.478506414
-37.5,-122.5,1.547624498
-37.5,-117.5,1.599714216
-37.5,-87.5,1.376382659
-37.5,-82.5,1.818235299
-37.5,-77.5,1.757493115
-37.5,-72.5,0.977119597
-37.5,-67.5,1.4683577
-37.5,-62.5,2.128807272
-37.5,-57.5,2.934406886
-37.5,-52.5,3.199217627
-37.5,-47.5,3.051190042
-37.5,-42.5,2.735680248
-37.5,-37.5,2.241575494
-37.5,-32.5,2.068047254
-37.5,-27.5,2.105500369
-37.5,-22.5,2.020956497
-37.5,-17.5,1.87999592
-37.5,-12.5,1.956175431
-37.5,-7.5,2.237165214
-37.5,-2.5,2.425398977
-37.5,2.5,2.599593056
-37.5,7.5,2.71729709
-37.5,12.5,2.630206931
-37.5,17.5,2.429317382
-37.5,22.5,2.234944827
-37.5,27.5,2.141141731
-37.5,32.5,2.015608184
-37.5,37.5,1.891429248
-37.5,42.5,1.851802866
-37.5,47.5,2.138993502
-37.5,52.5,2.349808514
-37.5,57.5,2.349103066
-37.5,62.5,2.183618581
-37.5,67.5,2.031405661
-37.5,72.5,1.921247121
-37.5,77.5,1.76684756
-37.5,82.5,1.886341715
-37.5,87.5,1.932568809
-37.5,92.5,1.964034049
-37.5,97.5,2.015748731
-37.5,102.5,1.913906139
-37.5,107.5,1.697099803
-37.5,112.5,1.647552855
-37.5,117.5,1.717770191
-37.5,122.5,1.816540353
-37.5,127.5,1.941862873
-37.5,132.5,2.218347645
-37.5,137.5,2.424797438
-37.5,142.5,2.377612311
-37.5,147.5,2.727297914
-37.5,152.5,2.794286952
-37.5,157.5,2.600753937
-37.5,162.5,2.392766616
-37.5,167.5,2.080391682
-37.5,172.5,2.089474657
-37.5,177.5,2.260571687
-32.5,-177.5,2.162002948
-32.5,-172.5,2.122067649
-32.5,-167.5,2.024524766
-32.5,-162.5,2.012858017
-32.5,-157.5,2.117116843
-32.5,-152.5,2.156650146
-32.5,-147.5,2.120650035
-32.5,-142.5,2.2091805
-32.5,-137.5,1.935796719
-32.5,-132.5,1.988302845
-32.5,-127.5,1.793114449
-32.5,-122.5,1.738129645
-32.5,-117.5,1.70605532
-32.5,-112.5,1.615572087
-32.5,-107.5,1.460132763
-32.5,-87.5,0.94767708
-32.5,-82.5,1.488570645
-32.5,-77.5,1.351434517
-32.5,-72.5,1.259766553
-32.5,-67.5,1.609859549
-32.5,-62.5,2.071432073
-32.5,-57.5,2.755078866
-32.5,-52.5,2.999424826
-32.5,-47.5,2.655040928
-32.5,-42.5,2.341152065
-32.5,-37.5,2.126401196
-32.5,-32.5,2.143040066
-32.5,-27.5,2.292219778
-32.5,-22.5,2.14168871
-32.5,-17.5,2.085026906
-32.5,-12.5,1.977995621
-32.5,-7.5,2.085930631
-32.5,-2.5,2.208370489
-32.5,2.5,2.3128244590000002
-32.5,7.5,2.332287098
-32.5,12.5,2.261109328
-32.5,17.5,2.259904409
-32.5,22.5,2.834653497
-32.5,27.5,2.186497181
-32.5,32.5,2.007206989
-32.5,37.5,1.796663984
-32.5,42.5,1.757776221
-32.5,47.5,1.948953907
-32.5,52.5,2.038246864
-32.5,57.5,2.030225846
-32.5,62.5,1.924193935
-32.5,67.5,1.792072769
-32.5,72.5,1.727312943
-32.5,77.5,1.746876001
-32.5,82.5,1.751933168
-32.5,87.5,1.801004101
-32.5,92.5,1.910430049
-32.5,97.5,1.977958913
-32.5,102.5,1.877459585
-32.5,107.5,1.756469751
-32.5,112.5,1.763151555
-32.5,117.5,2.400183132
-32.5,122.5,2.324717346
-32.5,127.5,2.179675893
-32.5,132.5,2.333861645
-32.5,137.5,2.132196277
-32.5,142.5,2.166259101
-32.5,147.5,1.934246261
-32.5,152.5,2.547342009
-32.5,157.5,2.490738871
-32.5,162.5,2.400884781
-32.5,167.5,2.180750591
-32.5,172.5,2.115739513
-32.5,177.5,2.147807633
-27.5,-177.5,2.207304849
-27.5,-172.5,2.110591356
-27.5,-167.5,2.144370118
-27.5,-162.5,1.978724148
-27.5,-157.5,1.91976555
-27.5,-152.5,1.949977174
-27.5,-142.5,1.915556217
-27.5,-137.5,1.902297611
-27.5,-132.5,1.661017071
-27.5,-127.5,1.686554175
-27.5,-122.5,1.526528821
-27.5,-117.5,1.458785113
-27.5,-112.5,1.251701929
-27.5,-107.5,1.089944508
-27.5,-102.5,0.820178
-27.5,-87.5,0.736639988
-27.5,-82.5,1.250539664
-27.5,-77.5,1.223940194
-27.5,-72.5,1.28220728
-27.5,-67.5,1.814624811
-27.5,-62.5,2.105974864
-27.5,-57.5,2.372797579
-27.5,-52.5,3.331761857
-27.5,-47.5,2.740797674
-27.5,-42.5,2.244273285
-27.5,-37.5,2.115228414
-27.5,-32.5,2.144830662
-27.5,-27.5,2.217196522
-27.5,-22.5,2.10608552
-27.5,-17.5,1.937032179
-27.5,-12.5,1.692068938
-27.5,-7.5,1.763718266
-27.5,-2.5,1.858596973
-27.5,2.5,1.972325257
-27.5,7.5,2.014774929
-27.5,12.5,2.095693466
-27.5,17.5,2.670387656
-27.5,22.5,3.254425532
-27.5,27.5,3.32282707
-27.5,32.5,2.323765548
-27.5,37.5,1.755890638
-27.5,42.5,1.679531236
-27.5,47.5,1.677198988
-27.5,52.5,1.533691036
-27.5,57.5,1.436837178
-27.5,62.5,1.392202783
-27.5,67.5,1.34030289
-27.5,72.5,1.466016284
-27.5,77.5,1.559821882
-27.5,82.5,1.501539048
-27.5,87.5,1.629747447
-27.5,92.5,1.794451882
-27.5,97.5,1.875565551
-27.5,102.5,1.85992205
-27.5,107.5,1.787931038
-27.5,112.5,1.808985297
-27.5,117.5,2.661987477
-27.5,122.5,2.782640537
-27.5,127.5,3.296701129
-27.5,132.5,3.125853765
-27.5,137.5,2.893357044
-27.5,142.5,2.311411953
-27.5,147.5,1.693167871
-27.5,152.5,2.209493532
-27.5,157.5,2.413470473
-27.5,162.5,2.34670462
-27.5,167.5,2.190393422
-27.5,172.5,2.041407049
-27.5,177.5,2.07919484
-22.5,-177.5,2.078932774
-22.5,-172.5,1.972745934
-22.5,-167.5,2.062822567
-22.5,-162.5,1.894250906
-22.5,-157.5,1.519706044
-22.5,-152.5,1.791814135
-22.5,-142.5,1.556672436
-22.5,-137.5,1.44960023
-22.5,-132.5,1.323458433
-22.5,-127.5,1.202008533
-22.5,-122.5,1.073711024
-22.5,-117.5,0.911082184
-22.5,-112.5,0.846684253
-22.5,-107.5,0.705517473
-22.5,-102.5,0.630676365
-22.5,-97.5,0.575001369
-22.5,-92.5,0.551689869
-22.5,-87.5,1.062311697
-22.5,-82.5,1.425515626
-22.5,-77.5,1.524839277
-22.5,-72.5,1.687784566
-22.5,-67.5,2.023234237
-22.5,-62.5,2.882606542
-22.5,-57.5,2.99790887
-22.5,-52.5,3.585372687
-22.5,-47.5,4.137681224
-22.5,-42.5,3.283682491
-22.5,-37.5,2.262235459
-22.5,-32.5,2.277767229
-22.5,-27.5,2.364872637
-22.5,-22.5,2.125123446
-22.5,-17.5,1.908548529
-22.5,-12.5,1.8123037
-22.5,-7.5,1.859476787
-22.5,-2.5,1.909068454
-22.5,2.5,1.94090012
-22.5,7.5,2.103858162
-22.5,12.5,2.570126719
-22.5,17.5,2.501314945
-22.5,22.5,2.617503502
-22.5,27.5,1.5505468
-22.5,32.5,2.292754746
-22.5,37.5,1.928659965
-22.5,42.5,1.897198656
-22.5,47.5,1.808688978
-22.5,52.5,1.461993638
-22.5,57.5,1.362679215
-22.5,62.5,1.334289552
-22.5,67.5,1.211096526
-22.5,72.5,1.383871715
-22.5,77.5,1.330842087
-22.5,82.5,1.356271612
-22.5,87.5,1.478218171
-22.5,92.5,1.604480626
-22.5,97.5,1.728221631
-22.5,102.5,1.778125363
-22.5,107.5,1.721744981
-22.5,112.5,1.812342895
-22.5,117.5,2.209612527
-22.5,122.5,3.56334386
-22.5,127.5,3.069688475
-22.5,132.5,3.177794973
-22.5,137.5,3.242960385
-22.5,142.5,2.895409504
-22.5,147.5,2.171114008
-22.5,152.5,2.185176948
-22.5,157.5,2.247338393
-22.5,162.5,2.269842123
-22.5,167.5,2.076739476
-22.5,172.5,2.051814176
-22.5,177.5,1.979175849
-17.5,-177.5,1.931598137
-17.5,-172.5,1.899121749
-17.5,-167.5,1.778355989
-17.5,-162.5,1.635897817
-17.5,-157.5,1.591627428
-17.5,-152.5,1.596944995
-17.5,-147.5,1.584750768
-17.5,-137.5,1.33963609
-17.5,-132.5,1.327402329
-17.5,-127.5,1.178419754
-17.5,-122.5,0.986559208
-17.5,-117.5,0.858218175
-17.5,-112.5,0.820689509
-17.5,-107.5,0.766317592
-17.5,-102.5,0.704154984
-17.5,-97.5,0.697306001
-17.5,-92.5,1.149993677
-17.5,-87.5,1.649343147
-17.5,-82.5,1.902085994
-17.5,-77.5,1.996127801
-17.5,-72.5,1.842297048
-17.5,-67.5,1.457326932
-17.5,-62.5,2.287650038
-17.5,-57.5,2.564663465
-17.5,-52.5,3.91585613
-17.5,-47.5,3.999679402
-17.5,-42.5,4.028197864
-17.5,-37.5,2.53467528
-17.5,-32.5,2.287529085
-17.5,-27.5,2.27940847
-17.5,-22.5,2.204862047
-17.5,-17.5,2.106494304
-17.5,-12.5,2.13111952
-17.5,-7.5,2.210125364
-17.5,-2.5,2.247048134
-17.5,2.5,2.274881555
-17.5,7.5,2.913389583
-17.5,12.5,3.199072936
-17.5,17.5,2.576002228
-17.5,22.5,2.331962705
-17.5,27.5,1.675089213
-17.5,32.5,1.840936848
-17.5,37.5,1.915881714
-17.5,42.5,1.935455638
-17.5,47.5,2.052084485
-17.5,52.5,1.519635271
-17.5,57.5,1.401870539
-17.5,62.5,1.456197149
-17.5,67.5,1.352280938
-17.5,72.5,1.355026917
-17.5,77.5,1.2881862
-17.5,82.5,1.368397437
-17.5,87.5,1.522598761
-17.5,92.5,1.530940409
-17.5,97.5,1.675438007
-17.5,102.5,1.639187268
-17.5,107.5,1.696711331
-17.5,112.5,1.717457259
-17.5,117.5,1.61842691
-17.5,122.5,2.054502279
-17.5,127.5,2.685878624
-17.5,132.5,2.43640879
-17.5,137.5,2.584216456
-17.5,142.5,1.536863433
-17.5,147.5,2.221919793
-17.5,152.5,2.218098521
-17.5,157.5,2.227572552
-17.5,162.5,2.153793915
-17.5,167.5,1.986634693
-17.5,172.5,1.988037589
-17.5,177.5,2.180269505
-12.5,-177.5,1.8669973
-12.5,-172.5,1.706955941
-12.5,-167.5,1.646525972
-12.5,-162.5,1.496407152
-12.5,-157.5,1.376950555
-12.5,-152.5,1.342961196
-12.5,-147.5,1.429279507
-12.5,-137.5,1.180718763
-12.5,-132.5,1.169815223
-12.5,-127.5,1.03521227
-12.5,-122.5,1.007365103
-12.5,-117.5,1.024354869
-12.5,-112.5,1.09520086
-12.5,-107.5,0.974213277
-12.5,-102.5,0.938589006
-12.5,-97.5,1.039455791
-12.5,-92.5,1.522209808
-12.5,-87.5,1.847468393
-12.5,-82.5,2.131709453
-12.5,-77.5,1.944218549
-12.5,-72.5,1.428807838
-12.5,-67.5,1.891035635
-12.5,-52.5,4.008177131
-12.5,-47.5,3.499289271
-12.5,-42.5,3.80684089
-12.5,-37.5,2.60317929
-12.5,-32.5,2.149441227
-12.5,-27.5,2.108221083
-12.5,-22.5,2.091629838
-12.5,-17.5,2.169314738
-12.5,-12.5,2.256245346
-12.5,-7.5,2.414356014
-12.5,-2.5,2.562156399
-12.5,2.5,2.692122084
-12.5,7.5,3.361170844
-12.5,12.5,3.729992799
-12.5,17.5,2.628422541
-12.5,22.5,2.305085204
-12.5,27.5,2.104611649
-12.5,32.5,2.165403511
-12.5,37.5,2.197328532
-12.5,42.5,1.89503856
-12.5,47.5,1.821444862
-12.5,52.5,1.759460308
-12.5,57.5,1.675132259
-12.5,62.5,1.687963508
-12.5,67.5,1.733280174
-12.5,72.5,1.703614959
-12.5,77.5,1.657241377
-12.5,82.5,1.672763863
-12.5,87.5,1.745538103
-12.5,92.5,1.785658834
-12.5,97.5,1.781300105
-12.5,102.5,1.828749313
-12.5,107.5,1.760914909
-12.5,112.5,1.715044542
-12.5,117.5,1.575890578
-12.5,122.5,1.65299894
-12.5,127.5,1.786684947
-12.5,132.5,2.011649009
-12.5,137.5,2.043168776
-12.5,142.5,2.117474619
-12.5,147.5,2.337351317
-12.5,152.5,2.344547666
-12.5,157.5,2.293934642
-12.5,162.5,2.158942544
-12.5,167.5,2.130174808
-12.5,172.5,1.97342563
-12.5,177.5,1.983524136
-7.5,-177.5,1.601988962
-7.5,-172.5,1.640037098
-7.5,-167.5,1.541044553
-7.5,-162.5,1.365763207
-7.5,-157.5,1.34211522
-7.5,-137.5,1.210706188
-7.5,-132.5,1.3721017
-7.5,-127.5,1.281779045
-7.5,-122.5,1.244553739
-7.5,-117.5,1.207812803
-7.5,-112.5,1.219707876
-7.5,-107.5,1.34281299
-7.5,-102.5,1.305980456
-7.5,-97.5,1.369252472
-7.5,-92.5,1.592780092
-7.5,-87.5,1.776496567
-7.5,-82.5,1.965802046
-7.5,-77.5,1.815560803
-7.5,-72.5,1.992999452
-7.5,-67.5,1.942154909
-7.5,-52.5,3.301824124
-7.5,-47.5,3.154259373
-7.5,-42.5,3.22511779
-7.5,-37.5,3.231563895
-7.5,-32.5,2.100681478
-7.5,-27.5,1.959293229
-7.5,-22.5,2.028037927
-7.5,-17.5,2.139391907
-7.5,-12.5,2.343911678
-7.5,-7.5,2.465046074
-7.5,-2.5,2.61958641
-7.5,2.5,2.782983189
-7.5,7.5,3.138938039
-7.5,12.5,3.304489132
-7.5,17.5,2.847047063
-7.5,22.5,2.513099831
-7.5,27.5,2.301957691
-7.5,32.5,2.040935059
-7.5,37.5,2.538669731
-7.5,42.5,1.934384476
-7.5,47.5,1.901116909
-7.5,52.5,1.939718555
-7.5,57.5,2.042774903
-7.5,62.5,2.131374813
-7.5,67.5,2.122159258
-7.5,72.5,1.993652521
-7.5,77.5,1.91058772
-7.5,82.5,1.917376729
-7.5,87.5,2.009922426
-7.5,92.5,2.030744657
-7.5,97.5,1.979227916
-7.5,102.5,1.879025267
-7.5,107.5,1.783074654
-7.5,112.5,1.696687641
-7.5,117.5,1.669478269
-7.5,122.5,1.696471821
-7.5,127.5,1.822246308
-7.5,132.5,1.929393912
-7.5,137.5,2.023302775
-7.5,142.5,2.073297156
-7.5,147.5,2.210697729
-7.5,152.5,2.332661156
-7.5,157.5,2.207384364
-7.5,162.5,2.068241522
-7.5,167.5,1.988185904
-7.5,172.5,1.774176827
-7.5,177.5,1.763055156
-2.5,-177.5,1.701972094
-2.5,-172.5,1.468245302
-2.5,-167.5,1.372144462
-2.5,-162.5,1.275134118
-2.5,-157.5,1.25544872
-2.5,-152.5,1.032003748
-2.5,-137.5,1.350990325
-2.5,-132.5,1.121517694
-2.5,-127.5,1.244404665
-2.5,-122.5,1.282564906
-2.5,-117.5,1.123409964
-2.5,-112.5,1.048285339
-2.5,-107.5,1.065503221
-2.5,-102.5,1.015184733
-2.5,-97.5,1.145030385
-2.5,-92.5,1.308254478
-2.5,-87.5,1.380823356
-2.5,-82.5,1.629400849
-2.5,-77.5,2.172527547
-2.5,-72.5,1.98440392
-2.5,-67.5,2.208583195
-2.5,-62.5,3.096802352
-2.5,-57.5,2.912357354
-2.5,-52.5,2.971180518
-2.5,-47.5,2.830305078
-2.5,-42.5,2.182452599
-2.5,-37.5,1.964591541
-2.5,-32.5,1.898695736
-2.5,-27.5,1.971571052
-2.5,-22.5,2.086779583
-2.5,-17.5,2.202445883
-2.5,-12.5,2.257404622
-2.5,-7.5,2.331754071
-2.5,-2.5,2.536941451
-2.5,2.5,2.743657852
-2.5,7.5,2.946241129
-2.5,12.5,2.946706067
-2.5,17.5,2.692139747
-2.5,22.5,2.779128969
-2.5,27.5,2.655219852
-2.5,32.5,2.166889514
-2.5,37.5,2.842313409
-2.5,42.5,2.195377256
-2.5,47.5,2.094726487
-2.5,52.5,2.167877103
-2.5,57.5,2.35138589
-2.5,62.5,2.477351724
-2.5,67.5,2.45902979
-2.5,72.5,2.324134152
-2.5,77.5,2.193828733
-2.5,82.5,2.131158421
-2.5,87.5,2.082957463
-2.5,92.5,1.986018258
-2.5,97.5,1.848805944
-2.5,102.5,1.854665321
-2.5,107.5,1.707100777
-2.5,112.5,1.796746233
-2.5,117.5,1.768665832
-2.5,122.5,1.811331353
-2.5,127.5,1.900363743
-2.5,132.5,1.976463735
-2.5,137.5,2.026978456
-2.5,142.5,2.051650405
-2.5,147.5,2.16540353
-2.5,152.5,2.139865409
-2.5,157.5,2.118652246
-2.5,162.5,2.025222872
-2.5,167.5,1.664627046
-2.5,172.5,1.686573016
-2.5,177.5,1.710003864
2.5,-177.5,1.752676108
2.5,-172.5,1.548741667
2.5,-167.5,1.425489619
2.5,-162.5,1.301922162
2.5,-157.5,1.211363849
2.5,-137.5,1.054294671
2.5,-132.5,0.933144171
2.5,-127.5,1.01139761
2.5,-122.5,1.208552955
2.5,-117.5,1.159922093
2.5,-112.5,0.960107049
2.5,-107.5,0.898948903
2.5,-102.5,1.014991509
2.5,-97.5,1.178974238
2.5,-92.5,1.270089159
2.5,-87.5,1.300180327
2.5,-82.5,1.506244638
2.5,-77.5,1.925346294
2.5,-72.5,2.234343145
2.5,-67.5,2.404495211
2.5,-62.5,2.714179469
2.5,-57.5,2.746961383
2.5,-52.5,2.49490811
2.5,-47.5,1.517898043
2.5,-42.5,1.671161301
2.5,-37.5,1.883237622
2.5,-32.5,2.04693259
2.5,-27.5,2.181499034
2.5,-22.5,2.328100357
2.5,-17.5,2.375338548
2.5,-12.5,2.448640897
2.5,-7.5,2.489992526
2.5,-2.5,2.637895975
2.5,2.5,2.849720678
2.5,7.5,2.978989121
2.5,12.5,2.583267225
2.5,17.5,2.771759454
2.5,22.5,2.647050075
2.5,27.5,2.678572049
2.5,32.5,2.293475751
2.5,37.5,2.631205604
2.5,42.5,2.552778705
2.5,47.5,2.259201878
2.5,52.5,2.211946688
2.5,57.5,2.375253427
2.5,62.5,2.484155001
2.5,67.5,2.470100469
2.5,72.5,2.358384515
2.5,77.5,2.20969372
2.5,82.5,2.124882047
2.5,87.5,2.05100235
2.5,92.5,1.94245871
2.5,97.5,1.891849823
2.5,102.5,1.917963211
2.5,107.5,1.639385173
2.5,112.5,1.854978225
2.5,117.5,1.87119588
2.5,122.5,1.797866793
2.5,127.5,1.921778979
2.5,132.5,1.91273855
2.5,137.5,1.988096414
2.5,142.5,2.104261886
2.5,147.5,2.145648902
2.5,152.5,2.055068285
2.5,157.5,1.981881764
2.5,162.5,2.129674006
2.5,167.5,1.855248569
2.5,172.5,1.734986884
7.5,-177.5,1.716817894
7.5,-172.5,1.63830517
7.5,-167.5,1.570470411
7.5,-162.5,1.404200605
7.5,-157.5,1.389019927
7.5,-152.5,1.23027982
7.5,-147.5,1.151844769
7.5,-142.5,1.2455956
7.5,-137.5,1.370924677
7.5,-132.5,1.134207475
7.5,-127.5,1.069041558
7.5,-122.5,1.028283094
7.5,-117.5,0.927041226
7.5,-112.5,0.980531331
7.5,-107.5,1.151882412
7.5,-102.5,1.345404347
7.5,-97.5,1.439634538
7.5,-92.5,1.521926776
7.5,-87.5,1.540412914
7.5,-82.5,1.646878612
7.5,-77.5,1.886401772
7.5,-72.5,2.048070452
7.5,-67.5,2.600583005
7.5,-62.5,2.675863079
7.5,-57.5,2.142537145
7.5,-52.5,1.574783931
7.5,-47.5,1.591942442
7.5,-42.5,1.735104328
7.5,-37.5,1.931040568
7.5,-32.5,2.12560881
7.5,-27.5,2.232257479
7.5,-22.5,2.375498321
7.5,-17.5,2.432574595
7.5,-12.5,2.547983602
7.5,-7.5,2.693033871
7.5,-2.5,2.553639695
7.5,2.5,2.691696272
7.5,7.5,2.112971955
7.5,12.5,2.035485633
7.5,17.5,2.095254366
7.5,22.5,2.377776112
7.5,27.5,2.5494541
7.5,32.5,2.565321217
7.5,37.5,2.38240736
7.5,42.5,2.46770796
7.5,47.5,2.652364247
7.5,52.5,2.168768065
7.5,57.5,2.345016546
7.5,62.5,2.367907875
7.5,67.5,2.370295824
7.5,72.5,2.313239005
7.5,77.5,2.201111981
7.5,82.5,2.17547924
7.5,87.5,2.119885671
7.5,92.5,2.039775844
7.5,97.5,1.931199527
7.5,102.5,1.819386189
7.5,107.5,1.540754806
7.5,112.5,1.568334668
7.5,117.5,1.528200818
7.5,122.5,1.547657135
7.5,127.5,1.798846744
7.5,132.5,1.829879837
7.5,137.5,1.88743836
7.5,142.5,2.009612992
7.5,147.5,1.953589744
7.5,152.5,1.864983052
7.5,157.5,1.826821546
7.5,162.5,1.914176552
7.5,167.5,1.811380488
12.5,-172.5,1.669795592
12.5,-167.5,1.641255791
12.5,-162.5,1.531771085
12.5,-157.5,1.433254055
12.5,-152.5,1.418209009
12.5,-147.5,1.444334526
12.5,-142.5,1.422952531
12.5,-137.5,1.423710979
12.5,-132.5,1.248054465
12.5,-127.5,1.232016967
12.5,-122.5,1.380463848
12.5,-117.5,1.234038876
12.5,-112.5,1.247143912
12.5,-107.5,1.253790629
12.5,-102.5,1.392994602
12.5,-97.5,1.609312702
12.5,-92.5,1.73765712
12.5,-87.5,1.667930807
12.5,-82.5,1.789052903
12.5,-77.5,1.833646694
12.5,-72.5,1.980639655
12.5,-67.5,1.962051367
12.5,-62.5,1.877322582
12.5,-57.5,1.823564649
12.5,-52.5,1.672351237
12.5,-47.5,1.621049002
12.5,-42.5,1.673283915
12.5,-37.5,1.850219511
12.5,-32.5,2.01639913
12.5,-27.5,2.062362568
12.5,-22.5,2.124405902
12.5,-17.5,2.392320964
12.5,-12.5,2.581951018
12.5,-7.5,2.673099935
12.5,-2.5,2.28574924
12.5,2.5,1.996474832
12.5,7.5,2.108524113
12.5,12.5,1.604272609
12.5,17.5,1.759476791
12.5,22.5,1.922775773
12.5,27.5,1.904046561
12.5,32.5,2.617274044
12.5,37.5,2.530874955
12.5,42.5,2.382349544
12.5,47.5,2.366143412
12.5,52.5,2.131295303
12.5,57.5,2.333640726
12.5,62.5,2.339610025
12.5,67.5,2.337361159
12.5,72.5,2.32204041
12.5,77.5,2.147974533
12.5,82.5,2.106195242
12.5,87.5,2.050006619
12.5,92.5,1.937852217
12.5,97.5,1.924100454
12.5,102.5,2.109835653
12.5,107.5,2.36080707
12.5,112.5,1.853581281
12.5,117.5,1.703704817
12.5,122.5,1.671354375
12.5,127.5,1.801829684
12.5,132.5,1.704538704
12.5,137.5,1.85531575
12.5,142.5,1.929577037
12.5,147.5,1.957034301
12.5,152.5,1.975342902
17.5,-177.5,1.808811268
17.5,-172.5,1.758387002
17.5,-167.5,1.752895734
17.5,-162.5,1.634312907
17.5,-157.5,1.543602715
17.5,-152.5,1.38308404
17.5,-147.5,1.351625291
17.5,-142.5,1.239581958
17.5,-137.5,1.164031165
17.5,-132.5,1.259614557
17.5,-127.5,1.46606845
17.5,-122.5,1.747689601
17.5,-117.5,1.723869824
17.5,-112.5,1.433756081
17.5,-107.5,1.238370436
17.5,-102.5,1.652497703
17.5,-97.5,1.837826307
17.5,-92.5,1.646944442
17.5,-87.5,1.983392969
17.5,-82.5,1.656534319
17.5,-77.5,1.887004812
17.5,-72.5,1.961383241
17.5,-67.5,2.050892225
17.5,-62.5,1.99606578
17.5,-57.5,1.880896035
17.5,-52.5,1.840413133
17.5,-47.5,1.762799385
17.5,-42.5,1.764718168
17.5,-37.5,1.903853244
17.5,-32.5,2.026340777
17.5,-27.5,1.964726085
17.5,-22.5,1.890764051
17.5,-17.5,1.912273542
17.5,-12.5,3.540792224
17.5,-7.5,2.907608995
17.5,-2.5,2.715984422
17.5,2.5,2.377323122
17.5,7.5,1.942007072
17.5,12.5,1.60972126
17.5,17.5,1.792770336
17.5,22.5,1.761552035
17.5,27.5,2.094927119
17.5,32.5,2.58826637
17.5,37.5,2.020220296
17.5,42.5,2.302361904
17.5,47.5,3.13393249
17.5,52.5,2.879341641
17.5,57.5,2.450520089
17.5,62.5,2.331126596
17.5,67.5,2.284661516
17.5,72.5,2.184380967
17.5,77.5,2.09829392
17.5,82.5,1.90780534
17.5,87.5,1.894628898
17.5,92.5,1.652006703
17.5,97.5,2.393492139
17.5,102.5,1.90164095
17.5,107.5,1.965858118
17.5,112.5,2.23498417
17.5,117.5,2.114530546
17.5,122.5,1.970899891
17.5,127.5,1.601528021
17.5,132.5,1.593978346
17.5,137.5,1.629400438
17.5,142.5,1.681094978
17.5,147.5,1.882363886
17.5,152.5,1.93523601
17.5,157.5,1.899335286
22.5,-177.5,1.735631062
22.5,-172.5,1.786906843
22.5,-167.5,1.743496159
22.5,-162.5,1.717896368
22.5,-157.5,1.706372701
22.5,-152.5,1.524332827
22.5,-147.5,1.447021741
22.5,-142.5,1.304795578
22.5,-137.5,1.2107551539999999
22.5,-132.5,1.359966544
22.5,-127.5,1.628929158
22.5,-122.5,1.858330626
22.5,-117.5,1.94700832
22.5,-112.5,1.777319312
22.5,-107.5,1.53982196
22.5,-102.5,2.011030776
22.5,-97.5,2.034048523
22.5,-92.5,1.476088023
22.5,-87.5,1.21191876
22.5,-82.5,1.466322152
22.5,-77.5,1.702483571
22.5,-72.5,1.862437577
22.5,-67.5,1.928344772
22.5,-62.5,2.053132406
22.5,-57.5,2.029655457
22.5,-52.5,1.935973649
22.5,-47.5,1.866206024
22.5,-42.5,1.878161287
22.5,-37.5,2.032787062
22.5,-32.5,2.193768396
22.5,-27.5,2.119975009
22.5,-22.5,1.897720467
22.5,-17.5,1.989819563
22.5,-12.5,3.601236439
22.5,-7.5,3.629858066
22.5,-2.5,3.575710207
22.5,2.5,3.276621347
22.5,7.5,2.703009651
22.5,12.5,2.421265984
22.5,17.5,2.166678532
22.5,22.5,2.06311706
22.5,27.5,2.290808113
22.5,32.5,2.278571009
22.5,37.5,2.095839541
22.5,42.5,2.996070343
22.5,47.5,3.520709846
22.5,52.5,3.579132845
22.5,57.5,2.84698922
22.5,62.5,2.199223883
22.5,67.5,2.20804684
22.5,72.5,1.97155133
22.5,77.5,1.836597528
22.5,82.5,1.728385479
22.5,87.5,1.942511805
22.5,92.5,1.982814758
22.5,97.5,2.817513799
22.5,102.5,1.8824468
22.5,107.5,1.549086821
22.5,112.5,2.487288255
22.5,117.5,2.4335914
22.5,122.5,2.245072384
22.5,127.5,1.707308184
22.5,132.5,1.508982339
22.5,137.5,1.607804987
22.5,142.5,1.626338762
22.5,147.5,1.640753352
22.5,152.5,1.808138995
22.5,157.5,1.698195251
22.5,162.5,1.656456995
22.5,167.5,1.679954467
22.5,172.5,1.668097317
22.5,177.5,1.705869305
27.5,-177.5,1.704342586
27.5,-172.5,1.889299914
27.5,-167.5,1.855684931
27.5,-162.5,1.8462825919999999
27.5,-157.5,1.8569858
27.5,-152.5,1.826904342
27.5,-147.5,1.77978848
27.5,-142.5,1.566990083
27.5,-137.5,1.364372376
27.5,-132.5,1.36578108
27.5,-127.5,1.58827793
27.5,-122.5,1.796552854
27.5,-117.5,2.065425956
27.5,-112.5,2.90219898
27.5,-107.5,2.300709484
27.5,-102.5,2.083840273
27.5,-97.5,2.246195599
27.5,-92.5,1.460042747
27.5,-87.5,0.922613226
27.5,-82.5,1.000441834
27.5,-77.5,1.202335788
27.5,-72.5,1.587696883
27.5,-67.5,1.884720003
27.5,-62.5,2.027341578
27.5,-57.5,1.99874464
27.5,-52.5,1.853097642
27.5,-47.5,1.739490759
27.5,-42.5,1.658252374
27.5,-37.5,1.820925952
27.5,-32.5,2.113455402
27.5,-27.5,2.271384059
27.5,-22.5,2.257754641
27.5,-17.5,2.264585103
27.5,-12.5,2.730023684
27.5,-7.5,3.963395877
27.5,-2.5,4.137063253
27.5,2.5,3.975669683
27.5,7.5,3.663138693
27.5,12.5,3.12417977
27.5,17.5,2.540586981
27.5,22.5,2.260352773
27.5,27.5,2.318327156
27.5,32.5,2.333348665
27.5,37.5,2.423801856
27.5,42.5,3.208511489
27.5,47.5,3.226560993
27.5,52.5,2.904195313
27.5,57.5,2.848919705
27.5,62.5,2.600136859
27.5,67.5,2.165893017
27.5,72.5,2.286633361
27.5,77.5,2.016545258
27.5,82.5,1.94573893
27.5,87.5,2.063796642
27.5,92.5,2.370254871
27.5,97.5,2.416168286
27.5,102.5,2.305609077
27.5,107.5,2.11336738
27.5,112.5,2.255128304
27.5,117.5,2.747991709
27.5,122.5,2.289694784
27.5,127.5,2.393987674
27.5,132.5,1.956067328
27.5,137.5,1.57201708
27.5,142.5,1.672381764
27.5,147.5,1.22006549
27.5,152.5,1.223375781
27.5,157.5,1.357830133
27.5,162.5,1.530039606
27.5,167.5,1.732943908
27.5,172.5,1.630223184
27.5,177.5,1.664896227
32.5,-177.5,1.816248907
32.5,-172.5,1.871530915
32.5,-167.5,1.806054973
32.5,-162.5,1.947357145
32.5,-157.5,2.083212536
32.5,-152.5,2.148924479
32.5,-147.5,2.152484072
32.5,-142.5,1.880033448
32.5,-137.5,1.599397815
32.5,-132.5,1.443790524
32.5,-127.5,1.553005347
32.5,-122.5,1.890051059
32.5,-117.5,3.219891449
32.5,-112.5,2.883752309
32.5,-107.5,2.40959304
32.5,-102.5,2.950391017
32.5,-97.5,0.623192467
32.5,-92.5,0.883375847
32.5,-87.5,0.434729999
32.5,-82.5,0.774652491
32.5,-77.5,0.638128989
32.5,-72.5,1.266616391
32.5,-67.5,1.847247664
32.5,-62.5,2.145372702
32.5,-57.5,2.117362918
32.5,-52.5,1.924983815
32.5,-47.5,1.741031815
32.5,-42.5,1.508042238
32.5,-37.5,1.505975331
32.5,-32.5,1.731392204
32.5,-27.5,1.981674395
32.5,-22.5,2.21935229
32.5,-17.5,2.431107181
32.5,-12.5,2.05693597
32.5,-7.5,3.04746893
32.5,-2.5,3.65781731
32.5,2.5,4.052079707
32.5,7.5,3.956223492
32.5,12.5,3.178329626
32.5,17.5,1.918444894
32.5,22.5,2.040802656
32.5,27.5,1.771907445
32.5,32.5,1.71284009
32.5,37.5,2.478222841
32.5,42.5,3.169505827
32.5,47.5,3.966819916
32.5,52.5,4.023968566
32.5,57.5,3.869469592
32.5,62.5,3.708497771
32.5,67.5,2.884485441
32.5,72.5,1.948788094
32.5,77.5,2.177903676
32.5,82.5,2.142225608
32.5,87.5,2.421094451
32.5,92.5,2.66436073
32.5,97.5,2.637212026
32.5,102.5,2.325006367
32.5,107.5,2.335826667
32.5,112.5,2.978585752
32.5,117.5,3.188188799
32.5,122.5,2.360819225
32.5,127.5,3.251192918
32.5,132.5,3.113427034
32.5,137.5,2.522339361
32.5,142.5,2.12711833
32.5,147.5,1.478660443
32.5,152.5,1.164798465
32.5,157.5,1.230635174
32.5,162.5,1.517507291
32.5,167.5,1.796781116
32.5,172.5,1.714047478
32.5,177.5,1.786581211
37.5,-177.5,1.840933296
37.5,-172.5,1.831459047
37.5,-167.5,1.82857946
37.5,-162.5,1.702116469
37.5,-157.5,1.938822233
37.5,-152.5,2.182112279
37.5,-147.5,2.251839184
37.5,-142.5,2.090710556
37.5,-137.5,1.864150804
37.5,-132.5,1.595711141
37.5,-127.5,1.566724106
37.5,-122.5,1.829033277
37.5,-117.5,2.35526982
37.5,-112.5,2.574004253
37.5,-107.5,2.692494921
37.5,-102.5,2.216203994
37.5,-97.5,1.241213709
37.5,-92.5,0.985093968
37.5,-87.5,1.032528999
37.5,-82.5,1.581228505
37.5,-77.5,1.983770656
37.5,-72.5,2.04089185
37.5,-67.5,2.035143661
37.5,-62.5,1.782232034
37.5,-57.5,1.695498872
37.5,-52.5,1.738702498
37.5,-47.5,1.539520106
37.5,-42.5,1.196011798
37.5,-37.5,1.049625828
37.5,-32.5,1.551740198
37.5,-27.5,1.832738462
37.5,-22.5,1.863624186
37.5,-17.5,2.114480463
37.5,-12.5,2.117012112
37.5,-7.5,2.720131126
37.5,-2.5,2.798800527
37.5,2.5,2.638740937
37.5,7.5,2.722628923
37.5,12.5,2.167479044
37.5,17.5,2.01513529
37.5,22.5,1.800411522
37.5,27.5,1.947260943
37.5,32.5,1.917473854
37.5,37.5,2.792187932
37.5,42.5,3.338051791
37.5,47.5,3.539227602
37.5,52.5,2.787450499
37.5,57.5,4.185193714
37.5,62.5,4.165124073
37.5,67.5,3.693384141
37.5,72.5,2.934672094
37.5,77.5,2.89390861
37.5,82.5,2.854953028
37.5,87.5,2.882755168
37.5,92.5,3.577119638
37.5,97.5,3.078088405
37.5,107.5,3.026113765
37.5,112.5,3.381542609
37.5,117.5,3.61164401
37.5,122.5,2.264031472
37.5,127.5,3.299212873
37.5,132.5,3.56779075
37.5,137.5,2.992954326
37.5,142.5,2.815599784
37.5,147.5,2.021991744
37.5,152.5,1.408668793
37.5,157.5,1.273574882
37.5,162.5,1.416847021
37.5,167.5,1.762379687
37.5,172.5,1.686401413
37.5,177.5,1.751370848
42.5,-177.5,1.343744087
42.5,-172.5,1.512331398
42.5,-167.5,1.631232149
42.5,-162.5,1.698515487
42.5,-157.5,1.837172148
42.5,-152.5,1.959268962
42.5,-147.5,2.07471823
42.5,-142.5,1.982756038
42.5,-137.5,1.852150424
42.5,-132.5,1.669662801
42.5,-127.5,1.605881732
42.5,-122.5,2.186481944
42.5,-117.5,1.578882812
42.5,-112.5,1.746876095
42.5,-107.5,2.731211897
42.5,-102.5,2.373602015
42.5,-97.5,1.958786484
42.5,-92.5,1.650082756
42.5,-87.5,1.990997917
42.5,-82.5,2.467832455
42.5,-77.5,2.731865379
42.5,-72.5,3.567299866
42.5,-67.5,3.380799004
42.5,-62.5,3.207833287
42.5,-57.5,2.140079324
42.5,-52.5,2.187817058
42.5,-47.5,1.601761914
42.5,-42.5,0.627439845
42.5,-37.5,0.407705903
42.5,-32.5,0.497744995
42.5,-27.5,0.828414962
42.5,-22.5,1.391709914
42.5,-17.5,1.826905509
42.5,-12.5,1.982350335
42.5,-7.5,2.598521085
42.5,-2.5,3.219060778
42.5,2.5,2.815710608
42.5,7.5,2.320319712
42.5,12.5,2.502681292
42.5,17.5,2.335477949
42.5,22.5,2.884774017
42.5,27.5,2.678209635
42.5,32.5,2.107558347
42.5,37.5,2.008203781
42.5,42.5,3.32674579
42.5,47.5,2.924353735
42.5,52.5,2.7399361
42.5,57.5,4.605459823
42.5,62.5,4.206015114
42.5,67.5,3.804547061
42.5,72.5,4.020929687
42.5,77.5,3.889754796
42.5,82.5,3.9972486
42.5,87.5,4.768990367
42.5,107.5,4.150077931
42.5,112.5,4.052240089
42.5,117.5,4.48292717
42.5,122.5,4.42876525
42.5,127.5,4.327834121
42.5,132.5,3.429101591
42.5,137.5,2.080417871
42.5,142.5,1.847973
42.5,147.5,1.598188592
42.5,152.5,1.488594394
42.5,157.5,1.493874347
42.5,162.5,1.494145044
42.5,167.5,1.435192214
42.5,172.5,1.309558253
42.5,177.5,1.332292804
47.5,-177.5,1.492298306
47.5,-172.5,1.588575566
47.5,-167.5,1.688576348
47.5,-162.5,1.763642212
47.5,-157.5,1.833550766
47.5,-152.5,1.934735126
47.5,-147.5,2.015282929
47.5,-142.5,1.891068793
47.5,-137.5,1.836840881
47.5,-132.5,1.786126732
47.5,-127.5,1.794254543
47.5,-122.5,1.939691847
47.5,-117.5,2.26388751
47.5,-112.5,2.595290694
47.5,-107.5,3.031321868
47.5,-102.5,3.146632415
47.5,-97.5,3.357622277
47.5,-92.5,2.643327167
47.5,-87.5,2.345094569
47.5,-82.5,2.867284387
47.5,-77.5,3.60394567
47.5,-72.5,3.931030372
47.5,-67.5,3.217680896
47.5,-62.5,3.606192549
47.5,-57.5,3.59822347
47.5,-52.5,2.892230197
47.5,-47.5,1.552971376
47.5,-42.5,0.286770232
47.5,-37.5,-0.226239327
47.5,-32.5,-0.271266985
47.5,-27.5,0.018241298
47.5,-22.5,0.678100364
47.5,-17.5,1.232159594
47.5,-12.5,1.649279976
47.5,-7.5,2.00094492
47.5,-2.5,2.508098706
47.5,2.5,3.408059648
47.5,7.5,4.092305463
47.5,12.5,3.805899314
47.5,17.5,3.918123963
47.5,22.5,2.83958591
47.5,27.5,3.683916907
47.5,32.5,3.550417538
47.5,37.5,3.753510405
47.5,42.5,4.673317233
47.5,47.5,4.322280097
47.5,52.5,4.303222911
47.5,57.5,4.681067648
47.5,62.5,4.710903067
47.5,67.5,4.763975743
47.5,72.5,4.484017994
47.5,77.5,4.483197021
47.5,82.5,4.751198669
47.5,87.5,5.078560425
47.5,92.5,5.358780828
47.5,97.5,5.117932912
47.5,102.5,4.560248809
47.5,107.5,4.747998838
47.5,112.5,4.61400951
47.5,117.5,4.91370927
47.5,122.5,4.716177764
47.5,127.5,4.963606244
47.5,132.5,4.697888657
47.5,137.5,3.737540843
47.5,142.5,1.756642614
47.5,147.5,1.076404457
47.5,152.5,1.638984373
47.5,157.5,1.843741529
47.5,162.5,1.860273357
47.5,167.5,1.696173461
47.5,172.5,1.6395111
47.5,177.5,1.51224501
52.5,-177.5,1.807851355
52.5,-172.5,1.75866814
52.5,-167.5,1.777542427
52.5,-162.5,1.90568605
52.5,-157.5,2.072238874
52.5,-152.5,2.178120357
52.5,-147.5,2.174554716
52.5,-142.5,2.016926555
52.5,-137.5,1.926118318
52.5,-132.5,1.980198297
52.5,-127.5,2.287471924
52.5,-122.5,2.661891626
52.5,-117.5,2.475352354
52.5,-112.5,2.508507642
52.5,-107.5,3.487400745
52.5,-102.5,3.403540063
52.5,-97.5,3.568822863
52.5,-92.5,3.803585569
52.5,-87.5,3.496919713
52.5,-82.5,3.128825491
52.5,-77.5,3.378608775
52.5,-72.5,3.560082111
52.5,-67.5,3.620779789
52.5,-62.5,3.753611511
52.5,-57.5,2.856105073
52.5,-52.5,2.248277344
52.5,-47.5,0.971434185
52.5,-42.5,-0.005400215
52.5,-37.5,-0.334948797
52.5,-32.5,-0.695394254
52.5,-27.5,-0.369443283
52.5,-22.5,0.205043944
52.5,-17.5,0.661307467
52.5,-12.5,1.259082344
52.5,-7.5,1.813615676
52.5,-2.5,2.288749642
52.5,2.5,2.448616679
52.5,7.5,3.003426001
52.5,12.5,3.250817345
52.5,17.5,2.841634455
52.5,22.5,3.346795716
52.5,27.5,4.213881998
52.5,32.5,4.303331125
52.5,37.5,4.656955712
52.5,42.5,4.803720427
52.5,47.5,5.177685858
52.5,52.5,4.847989918
52.5,57.5,4.249563196
52.5,62.5,4.492049259
52.5,67.5,4.484133516
52.5,72.5,5.007379528
52.5,77.5,4.665619073
52.5,82.5,4.466905796
52.5,87.5,4.731706519
52.5,92.5,4.909810212
52.5,97.5,5.10519067
52.5,102.5,5.287717093
52.5,107.5,4.869299116
52.5,112.5,4.500347385
52.5,117.5,4.631105922
52.5,122.5,4.201818012
52.5,127.5,4.509402518
52.5,132.5,4.863215474
52.5,137.5,3.656968253
52.5,142.5,2.885486975
52.5,147.5,0.967053571
52.5,152.5,1.272070731
52.5,157.5,2.119711239
52.5,162.5,1.540974552
52.5,167.5,1.462901022
52.5,172.5,1.641767608
52.5,177.5,1.639026956
57.5,-177.5,1.614588399
57.5,-172.5,1.763255923
57.5,-167.5,2.001485771
57.5,-162.5,2.226138941
57.5,-157.5,2.456942659
57.5,-152.5,2.577521775
57.5,-147.5,2.509597614
57.5,-142.5,2.340417518
57.5,-137.5,2.248335593
57.5,-132.5,2.265471166
57.5,-127.5,3.338680866
57.5,-122.5,3.488594123
57.5,-117.5,3.212586259
57.5,-112.5,3.999081359
57.5,-107.5,4.008001838
57.5,-102.5,3.860786376
57.5,-97.5,3.652614843
57.5,-92.5,2.143366046
57.5,-72.5,3.776413003
57.5,-67.5,3.728227798
57.5,-62.5,4.947544097
57.5,-57.5,2.618450861
57.5,-52.5,1.594243289
57.5,-47.5,0.643462238
57.5,-42.5,-0.191808378
57.5,-37.5,-0.488920782
57.5,-32.5,-0.604313709
57.5,-27.5,-0.444744592
57.5,-22.5,-0.068158964
57.5,-17.5,0.431653677
57.5,-12.5,0.805777894
57.5,-7.5,1.203677285
57.5,-2.5,1.407167828
57.5,2.5,1.552425371
57.5,7.5,2.049013334
57.5,12.5,2.5813268
57.5,17.5,2.770770225
57.5,22.5,2.810721493
57.5,27.5,3.8804137929999998
57.5,32.5,4.130260856
57.5,37.5,4.473834847
57.5,42.5,4.292908016
57.5,47.5,4.506676499
57.5,52.5,4.096693869
57.5,57.5,3.573204924
57.5,62.5,4.49136669
57.5,67.5,3.94556286
57.5,72.5,4.334862332
57.5,77.5,4.751099321
57.5,82.5,4.365760434
57.5,87.5,4.795056424
57.5,92.5,4.613275657
57.5,97.5,4.703481576
57.5,102.5,4.990170405
57.5,107.5,3.94467517
57.5,112.5,4.412793517
57.5,117.5,4.4821623
57.5,122.5,4.300180932
57.5,127.5,4.285703415
57.5,132.5,4.467987338
57.5,137.5,3.514388085
57.5,142.5,3.11091713
57.5,147.5,1.179996966
57.5,152.5,1.435140563
57.5,157.5,2.496096548
57.5,162.5,1.662013523
57.5,167.5,1.253435462
57.5,172.5,1.118845448
57.5,177.5,1.322240236
62.5,-167.5,1.846858598
62.5,-162.5,3.147714797
62.5,-157.5,3.731110717
62.5,-152.5,3.735898451
62.5,-147.5,3.316916035
62.5,-142.5,3.503440282
62.5,-137.5,3.977414993
62.5,-132.5,3.787084683
62.5,-127.5,4.338009312
62.5,-122.5,4.815563724
62.5,-117.5,5.17092012
62.5,-112.5,4.180263607
62.5,-107.5,3.956642829
62.5,-102.5,3.676597663
62.5,-97.5,3.652900209
62.5,-57.5,1.657468813
62.5,-52.5,0.85225678
62.5,-47.5,1.408478714
62.5,-42.5,0.5689715
62.5,-37.5,-0.641877158
62.5,-32.5,-0.265637041
62.5,-27.5,0.005586426
62.5,-22.5,0.570497644
62.5,-17.5,0.766936475
62.5,-12.5,0.865302006
62.5,-7.5,0.961792423
62.5,-2.5,1.117518593
62.5,2.5,1.214314953
62.5,7.5,1.966844321
62.5,12.5,2.972231229
62.5,17.5,3.346578479
62.5,22.5,3.237650302
62.5,27.5,3.444474087
62.5,32.5,3.44410918
62.5,37.5,3.562130797
62.5,42.5,3.610643551
62.5,47.5,3.619347807
62.5,52.5,3.524954705
62.5,57.5,3.213635089
62.5,62.5,3.219524721
62.5,67.5,3.091184927
62.5,72.5,4.194069132
62.5,77.5,4.558740878
62.5,82.5,4.781668773
62.5,87.5,4.597091619
62.5,92.5,4.25395586
62.5,97.5,4.263930535
62.5,102.5,4.699800172
62.5,107.5,4.311694129
62.5,112.5,4.178694416
62.5,117.5,3.965838785
62.5,122.5,3.544136234
62.5,127.5,3.594281106
62.5,132.5,3.926774937
62.5,137.5,4.074647023
62.5,152.5,5.394109347
62.5,162.5,2.72622997
62.5,167.5,3.022630027
62.5,172.5,2.769921801
62.5,177.5,2.187814022
67.5,-162.5,4.144286408
67.5,-157.5,4.870817129
67.5,-152.5,4.804214058
67.5,-147.5,5.199426759
67.5,-142.5,4.983041176
67.5,-137.5,5.251059367
67.5,-132.5,5.568211333
67.5,-127.5,5.231684127
67.5,-122.5,5.075273036
67.5,-117.5,5.185802671
67.5,-112.5,3.913774719
67.5,-107.5,3.156779399
67.5,-37.5,1.028402602
67.5,-22.5,1.382453932
67.5,-17.5,1.175098345
67.5,-12.5,0.873252489
67.5,-7.5,0.880921044
67.5,-2.5,0.986296482
67.5,2.5,1.311105966
67.5,7.5,1.752686425
67.5,12.5,2.22825246
67.5,17.5,2.958049398
67.5,22.5,3.196193832
67.5,27.5,3.126985268
67.5,32.5,2.895830062
67.5,37.5,3.130752102
67.5,42.5,2.607302707
67.5,52.5,3.571168339
67.5,57.5,3.601055841
67.5,62.5,3.760532039
67.5,67.5,3.831581206
67.5,72.5,3.535639783
67.5,77.5,4.369996584
67.5,82.5,3.967031181
67.5,87.5,3.868725285
67.5,92.5,4.817087581
67.5,97.5,4.306677457
67.5,127.5,4.133845903
67.5,132.5,4.025270155
72.5,-57.5,2.62258347
72.5,-27.5,1.706766296
72.5,-7.5,1.124874382
72.5,-2.5,1.256610393
72.5,2.5,1.193856844
72.5,7.5,1.765526773
72.5,12.5,2.175065705
72.5,17.5,2.296887849
72.5,22.5,2.231378894
72.5,27.5,2.241834576
72.5,32.5,2.272317515
72.5,37.5,1.99538556
72.5,42.5,2.4789778
72.5,47.5,3.416042685
72.5,52.5,3.330776924
72.5,122.5,2.650717379
72.5,127.5,2.672757423
77.5,7.5,2.295113428
77.5,12.5,2.19879672
