Latitude,Longitude,Value,Value_Celsius
-67.5,-62.5,1.357868575,0.7543714305555554
-62.5,-77.5,1.233206867,0.6851149261111111
-62.5,-72.5,1.107758633,0.6154214627777778
-62.5,-67.5,0.956245009,0.5312472272222223
-62.5,-62.5,0.716527234,0.3980706855555555
-62.5,-42.5,3.577278663,1.987377035
-57.5,-82.5,0.940206623,0.5223370127777778
-57.5,-77.5,0.92755541,0.515308561111111
-57.5,-72.5,0.84415092,0.46897273333333334
-57.5,-67.5,0.804713094,0.44706283
-57.5,-62.5,0.94389896,0.5243883111111111
-57.5,-57.5,0.919397988,0.51077666
-57.5,-52.5,1.260841467,0.7004674816666667
-57.5,-47.5,1.251764955,0.6954249750000001
-57.5,167.5,0.891690949,0.49538386055555556
-57.5,177.5,1.084504798,0.6025026655555555
-52.5,-177.5,1.118789943,0.6215499683333332
-52.5,-172.5,1.168660351,0.6492557505555555
-52.5,-167.5,1.064608043,0.5914489127777778
-52.5,-162.5,0.932541002,0.5180783344444444
-52.5,-157.5,0.889046184,0.4939145466666667
-52.5,-152.5,0.696335726,0.3868531811111111
-52.5,-147.5,0.529519009,0.2941772272222222
-52.5,-82.5,0.952761433,0.5293119072222222
-52.5,-77.5,0.856567832,0.4758710177777778
-52.5,-72.5,0.530858066,0.2949211477777778
-52.5,-67.5,0.893106382,0.49617021222222224
-52.5,-62.5,1.429427679,0.7941264883333333
-52.5,-57.5,1.421669398,0.7898163322222221
-52.5,-52.5,2.006123944,1.1145133022222222
-52.5,-47.5,2.305981583,1.2811008794444443
-52.5,-42.5,2.098236461,1.1656869227777777
-52.5,-37.5,0.967055355,0.5372529749999999
-52.5,47.5,3.091707184,1.7176151022222224
-52.5,52.5,3.03331394,1.685174411111111
-52.5,57.5,2.671700898,1.484278276666667
-52.5,62.5,2.341353203,1.3007517794444445
-52.5,67.5,2.087223908,1.1595688377777778
-52.5,72.5,1.906520484,1.0591780466666667
-52.5,77.5,1.859451359,1.0330285327777777
-52.5,82.5,1.8397020610000001,1.0220567005555556
-52.5,87.5,1.958187598,1.0878819988888888
-52.5,92.5,1.959665199,1.0887028883333334
-52.5,97.5,1.976607282,1.0981151566666667
-52.5,102.5,1.913205453,1.0628919183333334
-52.5,107.5,1.844801153,1.0248895294444444
-52.5,112.5,1.819521814,1.0108454522222223
-52.5,137.5,1.72893684,0.9605204666666667
-52.5,147.5,1.590155823,0.8834199016666666
-52.5,152.5,1.554650709,0.8636948383333333
-52.5,157.5,1.67685431,0.9315857277777777
-52.5,162.5,1.674913463,0.9305074794444445
-52.5,167.5,1.527028461,0.848349145
-52.5,172.5,1.255811907,0.6976732816666666
-52.5,177.5,1.191543409,0.6619685605555556
-47.5,-177.5,1.472504774,0.8180582077777777
-47.5,-172.5,1.545747944,0.8587488577777778
-47.5,-167.5,1.516053364,0.8422518688888889
-47.5,-162.5,1.410090241,0.7833834672222222
-47.5,-157.5,1.284747334,0.7137485188888889
-47.5,-152.5,1.096831091,0.6093506061111111
-47.5,-147.5,1.157862135,0.6432567416666667
-47.5,-142.5,0.982041979,0.5455788772222223
-47.5,-137.5,0.596896847,0.3316093594444445
-47.5,-132.5,0.508333437,0.282407465
-47.5,-87.5,1.276024792,0.7089026622222223
-47.5,-82.5,1.314578323,0.7303212905555556
-47.5,-77.5,1.292177108,0.717876171111111
-47.5,-72.5,1.180764833,0.6559804627777778
-47.5,-67.5,1.32610059,0.7367225500000001
-47.5,-62.5,2.08996714,1.1610928555555557
-47.5,-57.5,2.393974864,1.3299860355555557
-47.5,-52.5,2.706370541,1.5035391894444445
-47.5,-47.5,2.964569761,1.6469832005555556
-47.5,-42.5,2.689331581,1.4940731005555554
-47.5,-37.5,2.192316549,1.2179536383333334
-47.5,-32.5,1.904369424,1.0579830133333334
-47.5,22.5,2.690432196,1.4946845533333333
-47.5,27.5,2.570240108,1.4279111711111112
-47.5,32.5,2.465775277,1.369875153888889
-47.5,37.5,2.293581745,1.2742120805555557
-47.5,42.5,2.472382763,1.3735459794444447
-47.5,47.5,2.640106586,1.466725881111111
-47.5,52.5,2.4400526830000002,1.355584823888889
-47.5,57.5,2.517475734,1.39859763
-47.5,62.5,2.333847652,1.296582028888889
-47.5,67.5,2.081870873,1.1565949294444444
-47.5,72.5,1.846116985,1.0256205472222222
-47.5,77.5,2.008511358,1.1158396433333333
-47.5,82.5,2.118746754,1.17708153
-47.5,87.5,2.157473311,1.1985962838888888
-47.5,92.5,2.180538469,1.2114102605555557
-47.5,97.5,2.1787757,1.2104309444444443
-47.5,102.5,2.032040878,1.128911598888889
-47.5,107.5,1.827771245,1.0154284694444446
-47.5,112.5,1.826809265,1.0148940361111112
-47.5,117.5,1.975194664,1.097330368888889
-47.5,122.5,1.965707755,1.092059863888889
-47.5,127.5,1.942370587,1.0790947705555556
-47.5,132.5,2.03021247,1.1278958166666666
-47.5,137.5,2.175647099,1.2086928327777775
-47.5,142.5,2.297347022,1.276303901111111
-47.5,147.5,2.329008077,1.2938933761111113
-47.5,152.5,2.221868191,1.2343712172222223
-47.5,157.5,2.289194137,1.2717745205555555
-47.5,162.5,2.108508018,1.1713933433333334
-47.5,167.5,1.787588364,0.9931046466666668
-47.5,172.5,1.606310588,0.892394771111111
-47.5,177.5,1.473611911,0.8186732838888889
-42.5,-177.5,1.945419154,1.080788418888889
-42.5,-172.5,1.869342772,1.038523762222222
-42.5,-167.5,1.889435905,1.0496866138888887
-42.5,-162.5,1.755320462,0.9751780344444444
-42.5,-157.5,1.627613006,0.9042294477777778
-42.5,-152.5,1.498229298,0.8323496100000001
-42.5,-147.5,1.341239275,0.7451329305555555
-42.5,-142.5,1.299145499,0.7217474994444444
-42.5,-137.5,1.286169824,0.7145387911111111
-42.5,-132.5,1.197551361,0.6653063116666666
-42.5,-127.5,1.16578221,0.6476567833333333
-42.5,-122.5,1.126348417,0.6257491205555555
-42.5,-87.5,1.517262736,0.8429237422222222
-42.5,-82.5,1.773806918,0.9854482877777778
-42.5,-77.5,1.818165595,1.0100919972222222
-42.5,-72.5,1.417364544,0.7874247466666666
-42.5,-67.5,2.440920815,1.3560671194444445
-42.5,-62.5,2.687424122,1.493013401111111
-42.5,-57.5,3.125424915,1.736347175
-42.5,-52.5,3.463882295,1.9243790527777778
-42.5,-47.5,3.2732288,1.8184604444444443
-42.5,-42.5,2.884501997,1.6025011094444446
-42.5,-37.5,2.3391423160000002,1.299523508888889
-42.5,-32.5,2.127410207,1.1818945594444445
-42.5,-27.5,1.875939053,1.042188362777778
-42.5,-22.5,1.727668084,0.9598156022222223
-42.5,-17.5,1.627422554,0.9041236411111111
-42.5,-12.5,1.980685845,1.100381025
-42.5,-7.5,2.321137911,1.2895210616666668
-42.5,-2.5,2.498659982,1.3881444344444445
-42.5,2.5,2.615530218,1.4530723433333332
-42.5,7.5,2.85027989,1.5834888277777777
-42.5,12.5,2.850166873,1.5834260405555556
-42.5,17.5,2.83155122,1.573084011111111
-42.5,22.5,2.56584578,1.425469877777778
-42.5,27.5,2.410314796,1.3390637755555557
-42.5,32.5,2.227986435,1.2377702416666667
-42.5,37.5,2.214048764,1.2300270911111113
-42.5,42.5,2.162214392,1.2012302177777778
-42.5,47.5,2.348381922,1.3046566233333334
-42.5,52.5,2.578902415,1.4327235638888889
-42.5,57.5,2.510818316,1.3948990644444443
-42.5,62.5,2.366972518,1.3149847322222223
-42.5,67.5,2.115231902,1.1751288344444444
-42.5,72.5,1.928029236,1.0711273533333334
-42.5,77.5,1.915291708,1.064050948888889
-42.5,82.5,2.007971311,1.1155396172222223
-42.5,87.5,2.071200771,1.1506670950000002
-42.5,92.5,2.16653496,1.2036305333333333
-42.5,97.5,2.188696498,1.215942498888889
-42.5,102.5,1.943660604,1.0798114466666666
-42.5,107.5,1.681036146,0.93390897
-42.5,112.5,1.636449456,0.9091385866666667
-42.5,117.5,1.733162415,0.9628680083333333
-42.5,122.5,1.838782021,1.0215455672222222
-42.5,127.5,1.898570591,1.0547614394444444
-42.5,132.5,2.140772583,1.1893181016666667
-42.5,137.5,2.376869151,1.3204828616666668
-42.5,142.5,2.586466891,1.4369260505555557
-42.5,147.5,2.645770876,1.4698727088888888
-42.5,152.5,2.649415119,1.4718972883333334
-42.5,157.5,2.508314841,1.393508245
-42.5,162.5,2.295328622,1.2751825677777777
-42.5,167.5,2.000450409,1.1113613383333332
-42.5,172.5,2.058491541,1.1436064116666667
-42.5,177.5,1.847912302,1.0266179455555555
-37.5,-177.5,2.062072237,1.1455956872222224
-37.5,-172.5,2.041383152,1.1341017511111111
-37.5,-167.5,2.049438112,1.1385767288888888
-37.5,-162.5,1.988992178,1.1049956544444444
-37.5,-157.5,1.95365378,1.0853632111111111
-37.5,-152.5,1.952785448,1.0848808044444445
-37.5,-147.5,1.987920789,1.1044004383333332
-37.5,-142.5,1.729201835,0.9606676861111111
-37.5,-137.5,1.665747588,0.9254153266666667
-37.5,-132.5,1.640224998,0.91123611
-37.5,-127.5,1.478506414,0.8213924522222222
-37.5,-122.5,1.547624498,0.8597913877777779
-37.5,-117.5,1.599714216,0.88873012
-37.5,-87.5,1.376382659,0.7646570327777777
-37.5,-82.5,1.818235299,1.0101307216666666
-37.5,-77.5,1.757493115,0.9763850638888888
-37.5,-72.5,0.977119597,0.5428442205555555
-37.5,-67.5,1.4683577,0.8157542777777779
-37.5,-62.5,2.128807272,1.1826707066666666
-37.5,-57.5,2.934406886,1.6302260477777777
-37.5,-52.5,3.199217627,1.777343126111111
-37.5,-47.5,3.051190042,1.695105578888889
-37.5,-42.5,2.735680248,1.51982236
-37.5,-37.5,2.241575494,1.245319718888889
-37.5,-32.5,2.068047254,1.1489151411111111
-37.5,-27.5,2.105500369,1.1697224272222222
-37.5,-22.5,2.020956497,1.1227536094444444
-37.5,-17.5,1.87999592,1.0444421777777777
-37.5,-12.5,1.956175431,1.0867641283333331
-37.5,-7.5,2.237165214,1.2428695633333335
-37.5,-2.5,2.425398977,1.3474438761111112
-37.5,2.5,2.599593056,1.4442183644444444
-37.5,7.5,2.71729709,1.5096094944444447
-37.5,12.5,2.630206931,1.4612260727777777
-37.5,17.5,2.429317382,1.3496207677777778
-37.5,22.5,2.234944827,1.241636015
-37.5,27.5,2.141141731,1.1895231838888887
-37.5,32.5,2.015608184,1.1197823244444445
-37.5,37.5,1.891429248,1.0507940266666667
-37.5,42.5,1.851802866,1.02877937
-37.5,47.5,2.138993502,1.1883297233333332
-37.5,52.5,2.349808514,1.3054491744444443
-37.5,57.5,2.349103066,1.305057258888889
-37.5,62.5,2.183618581,1.2131214338888892
-37.5,67.5,2.031405661,1.1285587005555557
-37.5,72.5,1.921247121,1.0673595116666668
-37.5,77.5,1.76684756,0.9815819777777778
-37.5,82.5,1.886341715,1.0479676194444445
-37.5,87.5,1.932568809,1.0736493383333334
-37.5,92.5,1.964034049,1.0911300272222222
-37.5,97.5,2.015748731,1.119860406111111
-37.5,102.5,1.913906139,1.0632811883333335
-37.5,107.5,1.697099803,0.9428332238888889
-37.5,112.5,1.647552855,0.9153071416666667
-37.5,117.5,1.717770191,0.9543167727777777
-37.5,122.5,1.816540353,1.009189085
-37.5,127.5,1.941862873,1.0788127072222222
-37.5,132.5,2.218347645,1.2324153583333333
-37.5,137.5,2.424797438,1.347109687777778
-37.5,142.5,2.377612311,1.3208957283333334
-37.5,147.5,2.727297914,1.515165507777778
-37.5,152.5,2.794286952,1.5523816400000001
-37.5,157.5,2.600753937,1.4448632983333334
-37.5,162.5,2.392766616,1.3293147866666666
-37.5,167.5,2.080391682,1.1557731566666667
-37.5,172.5,2.089474657,1.1608192538888888
-37.5,177.5,2.260571687,1.2558731594444446
-32.5,-177.5,2.162002948,1.2011127488888889
-32.5,-172.5,2.122067649,1.1789264716666665
-32.5,-167.5,2.024524766,1.1247359811111108
-32.5,-162.5,2.012858017,1.1182544538888888
-32.5,-157.5,2.117116843,1.1761760238888888
-32.5,-152.5,2.156650146,1.19813897
-32.5,-147.5,2.120650035,1.1781389083333336
-32.5,-142.5,2.2091805,1.2273225
-32.5,-137.5,1.935796719,1.0754426216666666
-32.5,-132.5,1.988302845,1.1046126916666668
-32.5,-127.5,1.793114449,0.9961746938888889
-32.5,-122.5,1.738129645,0.9656275805555556
-32.5,-117.5,1.70605532,0.9478085111111112
-32.5,-112.5,1.615572087,0.8975400483333333
-32.5,-107.5,1.460132763,0.8111848683333334
-32.5,-87.5,0.94767708,0.5264872666666666
-32.5,-82.5,1.488570645,0.8269836916666667
-32.5,-77.5,1.351434517,0.7507969538888888
-32.5,-72.5,1.259766553,0.6998703072222222
-32.5,-67.5,1.609859549,0.8943664161111111
-32.5,-62.5,2.071432073,1.1507955961111112
-32.5,-57.5,2.755078866,1.53059937
-32.5,-52.5,2.999424826,1.6663471255555555
-32.5,-47.5,2.655040928,1.4750227377777778
-32.5,-42.5,2.341152065,1.300640036111111
-32.5,-37.5,2.126401196,1.181333997777778
-32.5,-32.5,2.143040066,1.1905778144444445
-32.5,-27.5,2.292219778,1.2734554322222222
-32.5,-22.5,2.14168871,1.189827061111111
-32.5,-17.5,2.085026906,1.158348281111111
-32.5,-12.5,1.977995621,1.0988864561111111
-32.5,-7.5,2.085930631,1.1588503505555556
-32.5,-2.5,2.208370489,1.2268724938888889
-32.5,2.5,2.3128244590000002,1.2849024772222224
-32.5,7.5,2.332287098,1.2957150544444445
-32.5,12.5,2.261109328,1.2561718488888889
-32.5,17.5,2.259904409,1.2555024494444444
-32.5,22.5,2.834653497,1.5748074983333333
-32.5,27.5,2.186497181,1.214720656111111
-32.5,32.5,2.007206989,1.115114993888889
-32.5,37.5,1.796663984,0.9981466577777778
-32.5,42.5,1.757776221,0.9765423449999999
-32.5,47.5,1.948953907,1.0827521705555556
-32.5,52.5,2.038246864,1.1323593688888889
-32.5,57.5,2.030225846,1.1279032477777777
-32.5,62.5,1.924193935,1.0689966305555556
-32.5,67.5,1.792072769,0.9955959827777777
-32.5,72.5,1.727312943,0.9596183016666667
-32.5,77.5,1.746876001,0.9704866672222222
-32.5,82.5,1.751933168,0.9732962044444444
-32.5,87.5,1.801004101,1.0005578338888887
-32.5,92.5,1.910430049,1.0613500272222223
-32.5,97.5,1.977958913,1.0988660627777778
-32.5,102.5,1.877459585,1.0430331027777777
-32.5,107.5,1.756469751,0.9758165283333334
-32.5,112.5,1.763151555,0.9795286416666666
-32.5,117.5,2.400183132,1.3334350733333333
-32.5,122.5,2.324717346,1.2915096366666665
-32.5,127.5,2.179675893,1.210931051666667
-32.5,132.5,2.333861645,1.2965898027777776
-32.5,137.5,2.132196277,1.184553487222222
-32.5,142.5,2.166259101,1.2034772783333334
-32.5,147.5,1.934246261,1.074581256111111
-32.5,152.5,2.547342009,1.415190005
-32.5,157.5,2.490738871,1.3837438172222223
-32.5,162.5,2.400884781,1.3338248783333333
-32.5,167.5,2.180750591,1.211528106111111
-32.5,172.5,2.115739513,1.1754108405555554
-32.5,177.5,2.147807633,1.1932264627777778
-27.5,-177.5,2.207304849,1.2262804716666666
-27.5,-172.5,2.110591356,1.1725507533333335
-27.5,-167.5,2.144370118,1.191316732222222
-27.5,-162.5,1.978724148,1.0992911933333334
-27.5,-157.5,1.91976555,1.0665364166666667
-27.5,-152.5,1.949977174,1.0833206522222223
-27.5,-142.5,1.915556217,1.0641978983333333
-27.5,-137.5,1.902297611,1.0568320061111112
-27.5,-132.5,1.661017071,0.9227872616666668
-27.5,-127.5,1.686554175,0.9369745416666666
-27.5,-122.5,1.526528821,0.8480715672222223
-27.5,-117.5,1.458785113,0.8104361738888889
-27.5,-112.5,1.251701929,0.6953899605555556
-27.5,-107.5,1.089944508,0.6055247266666668
-27.5,-102.5,0.820178,0.4556544444444444
-27.5,-87.5,0.736639988,0.40924443777777775
-27.5,-82.5,1.250539664,0.6947442577777777
-27.5,-77.5,1.223940194,0.6799667744444444
-27.5,-72.5,1.28220728,0.7123373777777777
-27.5,-67.5,1.814624811,1.0081248950000001
-27.5,-62.5,2.105974864,1.1699860355555556
-27.5,-57.5,2.372797579,1.3182208772222224
-27.5,-52.5,3.331761857,1.8509788094444444
-27.5,-47.5,2.740797674,1.5226653744444443
-27.5,-42.5,2.244273285,1.2468184916666667
-27.5,-37.5,2.115228414,1.1751268966666668
-27.5,-32.5,2.144830662,1.19157259
-27.5,-27.5,2.217196522,1.2317758455555556
-27.5,-22.5,2.10608552,1.1700475111111113
-27.5,-17.5,1.937032179,1.0761289883333331
-27.5,-12.5,1.692068938,0.9400382988888888
-27.5,-7.5,1.763718266,0.9798434811111112
-27.5,-2.5,1.858596973,1.032553873888889
-27.5,2.5,1.972325257,1.0957362538888888
-27.5,7.5,2.014774929,1.119319405
-27.5,12.5,2.095693466,1.1642741477777778
-27.5,17.5,2.670387656,1.4835486977777776
-27.5,22.5,3.254425532,1.8080141844444444
-27.5,27.5,3.32282707,1.846015038888889
-27.5,32.5,2.323765548,1.2909808600000001
-27.5,37.5,1.755890638,0.9754947988888889
-27.5,42.5,1.679531236,0.9330729088888889
-27.5,47.5,1.677198988,0.9317772155555555
-27.5,52.5,1.533691036,0.8520505755555556
-27.5,57.5,1.436837178,0.7982428766666667
-27.5,62.5,1.392202783,0.7734459905555556
-27.5,67.5,1.34030289,0.7446127166666667
-27.5,72.5,1.466016284,0.8144534911111111
-27.5,77.5,1.559821882,0.8665677122222222
-27.5,82.5,1.501539048,0.83418836
-27.5,87.5,1.629747447,0.9054152483333334
-27.5,92.5,1.794451882,0.9969177122222221
-27.5,97.5,1.875565551,1.0419808616666666
-27.5,102.5,1.85992205,1.033290027777778
-27.5,107.5,1.787931038,0.9932950211111111
-27.5,112.5,1.808985297,1.0049918316666666
-27.5,117.5,2.661987477,1.4788819316666666
-27.5,122.5,2.782640537,1.5459114094444442
-27.5,127.5,3.296701129,1.8315006272222223
-27.5,132.5,3.125853765,1.7365854250000001
-27.5,137.5,2.893357044,1.60742058
-27.5,142.5,2.311411953,1.2841177516666666
-27.5,147.5,1.693167871,0.9406488172222223
-27.5,152.5,2.209493532,1.2274964066666667
-27.5,157.5,2.413470473,1.3408169294444443
-27.5,162.5,2.34670462,1.303724788888889
-27.5,167.5,2.190393422,1.2168852344444445
-27.5,172.5,2.041407049,1.1341150272222222
-27.5,177.5,2.07919484,1.1551082444444445
-22.5,-177.5,2.078932774,1.1549626522222223
-22.5,-172.5,1.972745934,1.0959699633333333
-22.5,-167.5,2.062822567,1.146012537222222
-22.5,-162.5,1.894250906,1.0523616144444443
-22.5,-157.5,1.519706044,0.8442811355555556
-22.5,-152.5,1.791814135,0.9954522972222222
-22.5,-142.5,1.556672436,0.86481802
-22.5,-137.5,1.44960023,0.805333461111111
-22.5,-132.5,1.323458433,0.735254685
-22.5,-127.5,1.202008533,0.6677825183333334
-22.5,-122.5,1.073711024,0.5965061244444444
-22.5,-117.5,0.911082184,0.5061567688888888
-22.5,-112.5,0.846684253,0.4703801405555556
-22.5,-107.5,0.705517473,0.3919541516666667
-22.5,-102.5,0.630676365,0.35037575833333334
-22.5,-97.5,0.575001369,0.31944520499999995
-22.5,-92.5,0.551689869,0.3064943716666667
-22.5,-87.5,1.062311697,0.5901731649999999
-22.5,-82.5,1.425515626,0.7919531255555555
-22.5,-77.5,1.524839277,0.8471329316666667
-22.5,-72.5,1.687784566,0.9376580922222222
-22.5,-67.5,2.023234237,1.1240190205555556
-22.5,-62.5,2.882606542,1.6014480788888887
-22.5,-57.5,2.99790887,1.6655049277777776
-22.5,-52.5,3.585372687,1.991873715
-22.5,-47.5,4.137681224,2.298711791111111
-22.5,-42.5,3.283682491,1.8242680505555553
-22.5,-37.5,2.262235459,1.2567974772222221
-22.5,-32.5,2.277767229,1.2654262383333335
-22.5,-27.5,2.364872637,1.3138181316666666
-22.5,-22.5,2.125123446,1.1806241366666665
-22.5,-17.5,1.908548529,1.0603047383333335
-22.5,-12.5,1.8123037,1.0068353888888888
-22.5,-7.5,1.859476787,1.0330426594444444
-22.5,-2.5,1.909068454,1.0605935855555557
-22.5,2.5,1.94090012,1.0782778444444443
-22.5,7.5,2.103858162,1.16881009
-22.5,12.5,2.570126719,1.4278481772222225
-22.5,17.5,2.501314945,1.3896194138888889
-22.5,22.5,2.617503502,1.4541686122222222
-22.5,27.5,1.5505468,0.861414888888889
-22.5,32.5,2.292754746,1.2737526366666667
-22.5,37.5,1.928659965,1.0714777583333333
-22.5,42.5,1.897198656,1.0539992533333333
-22.5,47.5,1.808688978,1.00482721
-22.5,52.5,1.461993638,0.8122186877777778
-22.5,57.5,1.362679215,0.7570440083333333
-22.5,62.5,1.334289552,0.7412719733333333
-22.5,67.5,1.211096526,0.6728314033333334
-22.5,72.5,1.383871715,0.7688176194444444
-22.5,77.5,1.330842087,0.739356715
-22.5,82.5,1.356271612,0.753484228888889
-22.5,87.5,1.478218171,0.8212323172222222
-22.5,92.5,1.604480626,0.8913781255555556
-22.5,97.5,1.728221631,0.9601231283333332
-22.5,102.5,1.778125363,0.987847423888889
-22.5,107.5,1.721744981,0.9565249894444445
-22.5,112.5,1.812342895,1.006857163888889
-22.5,117.5,2.209612527,1.227562515
-22.5,122.5,3.56334386,1.9796354777777776
-22.5,127.5,3.069688475,1.705382486111111
-22.5,132.5,3.177794973,1.7654416516666669
-22.5,137.5,3.242960385,1.8016446583333332
-22.5,142.5,2.895409504,1.6085608355555554
-22.5,147.5,2.171114008,1.2061744488888888
-22.5,152.5,2.185176948,1.2139871933333335
-22.5,157.5,2.247338393,1.2485213294444444
-22.5,162.5,2.269842123,1.2610234016666668
-22.5,167.5,2.076739476,1.1537441533333335
-22.5,172.5,2.051814176,1.1398967644444447
-22.5,177.5,1.979175849,1.0995421383333333
-17.5,-177.5,1.931598137,1.073110076111111
-17.5,-172.5,1.899121749,1.0550676383333333
-17.5,-167.5,1.778355989,0.9879755494444444
-17.5,-162.5,1.635897817,0.9088321205555556
-17.5,-157.5,1.591627428,0.88423746
-17.5,-152.5,1.596944995,0.8871916638888889
-17.5,-147.5,1.584750768,0.8804170933333333
-17.5,-137.5,1.33963609,0.7442422722222222
-17.5,-132.5,1.327402329,0.7374457383333334
-17.5,-127.5,1.178419754,0.6546776411111112
-17.5,-122.5,0.986559208,0.5480884488888889
-17.5,-117.5,0.858218175,0.47678787500000003
-17.5,-112.5,0.820689509,0.4559386161111111
-17.5,-107.5,0.766317592,0.4257319955555556
-17.5,-102.5,0.704154984,0.39119721333333335
-17.5,-97.5,0.697306001,0.38739222277777774
-17.5,-92.5,1.149993677,0.6388853761111112
-17.5,-87.5,1.649343147,0.9163017483333333
-17.5,-82.5,1.902085994,1.056714441111111
-17.5,-77.5,1.996127801,1.1089598894444446
-17.5,-72.5,1.842297048,1.02349836
-17.5,-67.5,1.457326932,0.8096260733333334
-17.5,-62.5,2.287650038,1.270916687777778
-17.5,-57.5,2.564663465,1.4248130361111113
-17.5,-52.5,3.91585613,2.175475627777778
-17.5,-47.5,3.999679402,2.222044112222222
-17.5,-42.5,4.028197864,2.2378877022222223
-17.5,-37.5,2.53467528,1.4081529333333334
-17.5,-32.5,2.287529085,1.2708494916666666
-17.5,-27.5,2.27940847,1.2663380388888887
-17.5,-22.5,2.204862047,1.2249233594444446
-17.5,-17.5,2.106494304,1.1702746133333333
-17.5,-12.5,2.13111952,1.183955288888889
-17.5,-7.5,2.210125364,1.2278474244444444
-17.5,-2.5,2.247048134,1.2483600744444443
-17.5,2.5,2.274881555,1.263823086111111
-17.5,7.5,2.913389583,1.6185497683333334
-17.5,12.5,3.199072936,1.7772627422222222
-17.5,17.5,2.576002228,1.431112348888889
-17.5,22.5,2.331962705,1.2955348361111112
-17.5,27.5,1.675089213,0.9306051183333334
-17.5,32.5,1.840936848,1.0227426933333332
-17.5,37.5,1.915881714,1.06437873
-17.5,42.5,1.935455638,1.0752531322222223
-17.5,47.5,2.052084485,1.1400469361111112
-17.5,52.5,1.519635271,0.8442418172222222
-17.5,57.5,1.401870539,0.7788169661111111
-17.5,62.5,1.456197149,0.8089984161111112
-17.5,67.5,1.352280938,0.7512671877777778
-17.5,72.5,1.355026917,0.7527927316666667
-17.5,77.5,1.2881862,0.715659
-17.5,82.5,1.368397437,0.7602207983333334
-17.5,87.5,1.522598761,0.8458882005555556
-17.5,92.5,1.530940409,0.8505224494444446
-17.5,97.5,1.675438007,0.9307988927777777
-17.5,102.5,1.639187268,0.9106595933333332
-17.5,107.5,1.696711331,0.942617406111111
-17.5,112.5,1.717457259,0.9541429216666667
-17.5,117.5,1.61842691,0.899126061111111
-17.5,122.5,2.054502279,1.1413901549999999
-17.5,127.5,2.685878624,1.492154791111111
-17.5,132.5,2.43640879,1.3535604388888889
-17.5,137.5,2.584216456,1.435675808888889
-17.5,142.5,1.536863433,0.8538130183333332
-17.5,147.5,2.221919793,1.234399885
-17.5,152.5,2.218098521,1.232276956111111
-17.5,157.5,2.227572552,1.2375403066666666
-17.5,162.5,2.153793915,1.1965521749999999
-17.5,167.5,1.986634693,1.1036859405555555
-17.5,172.5,1.988037589,1.1044653272222222
-17.5,177.5,2.180269505,1.2112608361111112
-12.5,-177.5,1.8669973,1.037220722222222
-12.5,-172.5,1.706955941,0.9483088561111112
-12.5,-167.5,1.646525972,0.914736651111111
-12.5,-162.5,1.496407152,0.8313373066666666
-12.5,-157.5,1.376950555,0.7649725305555557
-12.5,-152.5,1.342961196,0.7460895533333334
-12.5,-147.5,1.429279507,0.7940441705555555
-12.5,-137.5,1.180718763,0.6559548683333333
-12.5,-132.5,1.169815223,0.6498973461111112
-12.5,-127.5,1.03521227,0.5751179277777777
-12.5,-122.5,1.007365103,0.5596472794444444
-12.5,-117.5,1.024354869,0.5690860383333333
-12.5,-112.5,1.09520086,0.6084449222222222
-12.5,-107.5,0.974213277,0.5412295983333334
-12.5,-102.5,0.938589006,0.5214383366666666
-12.5,-97.5,1.039455791,0.5774754394444445
-12.5,-92.5,1.522209808,0.8456721155555554
-12.5,-87.5,1.847468393,1.0263713294444445
-12.5,-82.5,2.131709453,1.1842830294444444
-12.5,-77.5,1.944218549,1.080121416111111
-12.5,-72.5,1.428807838,0.7937821322222223
-12.5,-67.5,1.891035635,1.050575352777778
-12.5,-52.5,4.008177131,2.226765072777778
-12.5,-47.5,3.499289271,1.944049595
-12.5,-42.5,3.80684089,2.1149116055555557
-12.5,-37.5,2.60317929,1.4462107166666667
-12.5,-32.5,2.149441227,1.1941340150000002
-12.5,-27.5,2.108221083,1.171233935
-12.5,-22.5,2.091629838,1.1620165766666666
-12.5,-17.5,2.169314738,1.2051748544444445
-12.5,-12.5,2.256245346,1.2534696366666667
-12.5,-7.5,2.414356014,1.3413088966666666
-12.5,-2.5,2.562156399,1.4234202216666665
-12.5,2.5,2.692122084,1.4956233800000003
-12.5,7.5,3.361170844,1.8673171355555556
-12.5,12.5,3.729992799,2.0722182216666667
-12.5,17.5,2.628422541,1.460234745
-12.5,22.5,2.305085204,1.2806028911111111
-12.5,27.5,2.104611649,1.169228693888889
-12.5,32.5,2.165403511,1.2030019505555556
-12.5,37.5,2.197328532,1.2207380733333333
-12.5,42.5,1.89503856,1.0527992
-12.5,47.5,1.821444862,1.0119138122222224
-12.5,52.5,1.759460308,0.9774779488888888
-12.5,57.5,1.675132259,0.9306290327777779
-12.5,62.5,1.687963508,0.9377575044444444
-12.5,67.5,1.733280174,0.9629334300000001
-12.5,72.5,1.703614959,0.946452755
-12.5,77.5,1.657241377,0.9206896538888889
-12.5,82.5,1.672763863,0.9293132572222221
-12.5,87.5,1.745538103,0.9697433905555555
-12.5,92.5,1.785658834,0.9920326855555555
-12.5,97.5,1.781300105,0.9896111694444445
-12.5,102.5,1.828749313,1.0159718405555556
-12.5,107.5,1.760914909,0.9782860605555554
-12.5,112.5,1.715044542,0.9528025233333334
-12.5,117.5,1.575890578,0.8754947655555556
-12.5,122.5,1.65299894,0.9183327444444446
-12.5,127.5,1.786684947,0.9926027483333333
-12.5,132.5,2.011649009,1.1175827827777778
-12.5,137.5,2.043168776,1.1350937644444443
-12.5,142.5,2.117474619,1.176374788333333
-12.5,147.5,2.337351317,1.2985285094444443
-12.5,152.5,2.344547666,1.3025264811111112
-12.5,157.5,2.293934642,1.2744081344444445
-12.5,162.5,2.158942544,1.1994125244444445
-12.5,167.5,2.130174808,1.183430448888889
-12.5,172.5,1.97342563,1.0963475722222222
-12.5,177.5,1.983524136,1.1019578533333334
-7.5,-177.5,1.601988962,0.8899938677777778
-7.5,-172.5,1.640037098,0.9111317211111112
-7.5,-167.5,1.541044553,0.8561358627777778
-7.5,-162.5,1.365763207,0.7587573372222223
-7.5,-157.5,1.34211522,0.7456195666666666
-7.5,-137.5,1.210706188,0.6726145488888888
-7.5,-132.5,1.3721017,0.7622787222222223
-7.5,-127.5,1.281779045,0.7120994694444445
-7.5,-122.5,1.244553739,0.691418743888889
-7.5,-117.5,1.207812803,0.6710071127777777
-7.5,-112.5,1.219707876,0.6776154866666667
-7.5,-107.5,1.34281299,0.7460072166666668
-7.5,-102.5,1.305980456,0.7255446977777777
-7.5,-97.5,1.369252472,0.7606958177777778
-7.5,-92.5,1.592780092,0.8848778288888889
-7.5,-87.5,1.776496567,0.9869425372222221
-7.5,-82.5,1.965802046,1.0921122477777778
-7.5,-77.5,1.815560803,1.0086448905555556
-7.5,-72.5,1.992999452,1.1072219177777778
-7.5,-67.5,1.942154909,1.0789749494444445
-7.5,-52.5,3.301824124,1.8343467355555556
-7.5,-47.5,3.154259373,1.7523663183333333
-7.5,-42.5,3.22511779,1.7917321055555557
-7.5,-37.5,3.231563895,1.795313275
-7.5,-32.5,2.100681478,1.1670452655555554
-7.5,-27.5,1.959293229,1.0884962383333334
-7.5,-22.5,2.028037927,1.1266877372222224
-7.5,-17.5,2.139391907,1.1885510594444444
-7.5,-12.5,2.343911678,1.3021731544444444
-7.5,-7.5,2.465046074,1.3694700411111111
-7.5,-2.5,2.61958641,1.4553257833333335
-7.5,2.5,2.782983189,1.5461017716666665
-7.5,7.5,3.138938039,1.743854466111111
-7.5,12.5,3.304489132,1.8358272955555555
-7.5,17.5,2.847047063,1.5816928127777778
-7.5,22.5,2.513099831,1.3961665727777777
-7.5,27.5,2.301957691,1.278865383888889
-7.5,32.5,2.040935059,1.1338528105555556
-7.5,37.5,2.538669731,1.410372072777778
-7.5,42.5,1.934384476,1.0746580422222223
-7.5,47.5,1.901116909,1.0561760605555555
-7.5,52.5,1.939718555,1.0776214194444445
-7.5,57.5,2.042774903,1.1348749461111112
-7.5,62.5,2.131374813,1.1840971183333333
-7.5,67.5,2.122159258,1.1789773655555555
-7.5,72.5,1.993652521,1.107584733888889
-7.5,77.5,1.91058772,1.0614376222222224
-7.5,82.5,1.917376729,1.0652092938888889
-7.5,87.5,2.009922426,1.11662357
-7.5,92.5,2.030744657,1.1281914761111111
-7.5,97.5,1.979227916,1.0995710644444445
-7.5,102.5,1.879025267,1.0439029261111112
-7.5,107.5,1.783074654,0.99059703
-7.5,112.5,1.696687641,0.9426042450000001
-7.5,117.5,1.669478269,0.9274879272222223
-7.5,122.5,1.696471821,0.942484345
-7.5,127.5,1.822246308,1.01235906
-7.5,132.5,1.929393912,1.0718855066666668
-7.5,137.5,2.023302775,1.1240570972222221
-7.5,142.5,2.073297156,1.1518317533333335
-7.5,147.5,2.210697729,1.228165405
-7.5,152.5,2.332661156,1.2959228644444445
-7.5,157.5,2.207384364,1.2263246466666666
-7.5,162.5,2.068241522,1.149023067777778
-7.5,167.5,1.988185904,1.1045477244444446
-7.5,172.5,1.774176827,0.9856537927777779
-7.5,177.5,1.763055156,0.9794750866666667
-2.5,-177.5,1.701972094,0.9455400522222221
-2.5,-172.5,1.468245302,0.8156918344444444
-2.5,-167.5,1.372144462,0.7623024788888889
-2.5,-162.5,1.275134118,0.7084078433333334
-2.5,-157.5,1.25544872,0.6974715111111112
-2.5,-152.5,1.032003748,0.5733354155555556
-2.5,-137.5,1.350990325,0.7505501805555554
-2.5,-132.5,1.121517694,0.6230653855555555
-2.5,-127.5,1.244404665,0.6913359250000001
-2.5,-122.5,1.282564906,0.7125360588888889
-2.5,-117.5,1.123409964,0.6241166466666667
-2.5,-112.5,1.048285339,0.5823807438888888
-2.5,-107.5,1.065503221,0.5919462338888889
-2.5,-102.5,1.015184733,0.5639915183333333
-2.5,-97.5,1.145030385,0.6361279916666667
-2.5,-92.5,1.308254478,0.7268080433333334
-2.5,-87.5,1.380823356,0.7671240866666668
-2.5,-82.5,1.629400849,0.9052226938888889
-2.5,-77.5,2.172527547,1.2069597483333334
-2.5,-72.5,1.98440392,1.1024466222222222
-2.5,-67.5,2.208583195,1.2269906638888888
-2.5,-62.5,3.096802352,1.7204457511111113
-2.5,-57.5,2.912357354,1.617976307777778
-2.5,-52.5,2.971180518,1.6506558433333334
-2.5,-47.5,2.830305078,1.57239171
-2.5,-42.5,2.182452599,1.212473666111111
-2.5,-37.5,1.964591541,1.091439745
-2.5,-32.5,1.898695736,1.0548309644444445
-2.5,-27.5,1.971571052,1.0953172511111111
-2.5,-22.5,2.086779583,1.1593219905555556
-2.5,-17.5,2.202445883,1.2235810461111112
-2.5,-12.5,2.257404622,1.254113678888889
-2.5,-7.5,2.331754071,1.2954189283333335
-2.5,-2.5,2.536941451,1.4094119172222224
-2.5,2.5,2.743657852,1.5242543622222222
-2.5,7.5,2.946241129,1.6368006272222224
-2.5,12.5,2.946706067,1.6370589261111113
-2.5,17.5,2.692139747,1.495633192777778
-2.5,22.5,2.779128969,1.5439605383333332
-2.5,27.5,2.655219852,1.47512214
-2.5,32.5,2.166889514,1.203827507777778
-2.5,37.5,2.842313409,1.5790630049999999
-2.5,42.5,2.195377256,1.2196540311111113
-2.5,47.5,2.094726487,1.1637369372222222
-2.5,52.5,2.167877103,1.2043761683333334
-2.5,57.5,2.35138589,1.3063254944444445
-2.5,62.5,2.477351724,1.3763065133333334
-2.5,67.5,2.45902979,1.3661276611111113
-2.5,72.5,2.324134152,1.29118564
-2.5,77.5,2.193828733,1.2187937405555556
-2.5,82.5,2.131158421,1.1839769005555556
-2.5,87.5,2.082957463,1.1571985905555555
-2.5,92.5,1.986018258,1.1033434766666668
-2.5,97.5,1.848805944,1.0271144133333334
-2.5,102.5,1.854665321,1.0303696227777777
-2.5,107.5,1.707100777,0.9483893205555556
-2.5,112.5,1.796746233,0.9981923516666666
-2.5,117.5,1.768665832,0.9825921288888888
-2.5,122.5,1.811331353,1.006295196111111
-2.5,127.5,1.900363743,1.055757635
-2.5,132.5,1.976463735,1.0980354083333335
-2.5,137.5,2.026978456,1.1260991422222224
-2.5,142.5,2.051650405,1.1398057805555557
-2.5,147.5,2.16540353,1.203001961111111
-2.5,152.5,2.139865409,1.1888141161111112
-2.5,157.5,2.118652246,1.1770290255555556
-2.5,162.5,2.025222872,1.1251238177777778
-2.5,167.5,1.664627046,0.9247928033333334
-2.5,172.5,1.686573016,0.936985008888889
-2.5,177.5,1.710003864,0.9500021466666667
2.5,-177.5,1.752676108,0.9737089488888889
2.5,-172.5,1.548741667,0.8604120372222223
2.5,-167.5,1.425489619,0.7919386772222222
2.5,-162.5,1.301922162,0.7232900900000001
2.5,-157.5,1.211363849,0.6729799161111111
2.5,-137.5,1.054294671,0.5857192616666667
2.5,-132.5,0.933144171,0.5184134283333334
2.5,-127.5,1.01139761,0.561887561111111
2.5,-122.5,1.208552955,0.6714183083333334
2.5,-117.5,1.159922093,0.6444011627777778
2.5,-112.5,0.960107049,0.533392805
2.5,-107.5,0.898948903,0.4994160572222222
2.5,-102.5,1.014991509,0.5638841716666666
2.5,-97.5,1.178974238,0.6549856877777778
2.5,-92.5,1.270089159,0.7056050883333334
2.5,-87.5,1.300180327,0.7223224038888889
2.5,-82.5,1.506244638,0.8368025766666667
2.5,-77.5,1.925346294,1.0696368299999999
2.5,-72.5,2.234343145,1.2413017472222223
2.5,-67.5,2.404495211,1.3358306727777778
2.5,-62.5,2.714179469,1.5078774827777777
2.5,-57.5,2.746961383,1.5260896572222222
2.5,-52.5,2.49490811,1.3860600611111111
2.5,-47.5,1.517898043,0.8432766905555555
2.5,-42.5,1.671161301,0.928422945
2.5,-37.5,1.883237622,1.0462431233333334
2.5,-32.5,2.04693259,1.1371847722222224
2.5,-27.5,2.181499034,1.2119439077777776
2.5,-22.5,2.328100357,1.2933890872222222
2.5,-17.5,2.375338548,1.3196325266666669
2.5,-12.5,2.448640897,1.360356053888889
2.5,-7.5,2.489992526,1.383329181111111
2.5,-2.5,2.637895975,1.4654977638888889
2.5,2.5,2.849720678,1.5831781544444445
2.5,7.5,2.978989121,1.654993956111111
2.5,12.5,2.583267225,1.4351484583333334
2.5,17.5,2.771759454,1.5398663633333334
2.5,22.5,2.647050075,1.470583375
2.5,27.5,2.678572049,1.4880955827777778
2.5,32.5,2.293475751,1.2741531949999998
2.5,37.5,2.631205604,1.461780891111111
2.5,42.5,2.552778705,1.4182103916666666
2.5,47.5,2.259201878,1.2551121544444444
2.5,52.5,2.211946688,1.228859271111111
2.5,57.5,2.375253427,1.3195852372222223
2.5,62.5,2.484155001,1.3800861116666665
2.5,67.5,2.470100469,1.3722780383333335
2.5,72.5,2.358384515,1.3102136194444445
2.5,77.5,2.20969372,1.2276076222222223
2.5,82.5,2.124882047,1.180490026111111
2.5,87.5,2.05100235,1.1394457500000001
2.5,92.5,1.94245871,1.0791437277777778
2.5,97.5,1.891849823,1.0510276794444444
2.5,102.5,1.917963211,1.0655351172222223
2.5,107.5,1.639385173,0.9107695405555556
2.5,112.5,1.854978225,1.0305434583333333
2.5,117.5,1.87119588,1.0395532666666665
2.5,122.5,1.797866793,0.998814885
2.5,127.5,1.921778979,1.0676549883333333
2.5,132.5,1.91273855,1.0626325277777777
2.5,137.5,1.988096414,1.1044980077777777
2.5,142.5,2.104261886,1.1690343811111112
2.5,147.5,2.145648902,1.1920271677777778
2.5,152.5,2.055068285,1.1417046027777777
2.5,157.5,1.981881764,1.1010454244444443
2.5,162.5,2.129674006,1.1831522255555555
2.5,167.5,1.855248569,1.0306936494444445
2.5,172.5,1.734986884,0.9638816022222222
7.5,-177.5,1.716817894,0.9537877188888889
7.5,-172.5,1.63830517,0.9101695388888889
7.5,-167.5,1.570470411,0.8724835616666667
7.5,-162.5,1.404200605,0.7801114472222221
7.5,-157.5,1.389019927,0.7716777372222222
7.5,-152.5,1.23027982,0.6834887888888889
7.5,-147.5,1.151844769,0.6399137605555556
7.5,-142.5,1.2455956,0.6919975555555555
7.5,-137.5,1.370924677,0.7616248205555556
7.5,-132.5,1.134207475,0.6301152638888889
7.5,-127.5,1.069041558,0.5939119766666666
7.5,-122.5,1.028283094,0.5712683855555556
7.5,-117.5,0.927041226,0.5150229033333333
7.5,-112.5,0.980531331,0.5447396283333333
7.5,-107.5,1.151882412,0.6399346733333333
7.5,-102.5,1.345404347,0.7474468594444443
7.5,-97.5,1.439634538,0.7997969655555556
7.5,-92.5,1.521926776,0.8455148755555555
7.5,-87.5,1.540412914,0.8557849522222223
7.5,-82.5,1.646878612,0.9149325622222223
7.5,-77.5,1.886401772,1.0480009844444445
7.5,-72.5,2.048070452,1.137816917777778
7.5,-67.5,2.600583005,1.4447683361111112
7.5,-62.5,2.675863079,1.4865905994444444
7.5,-57.5,2.142537145,1.1902984138888888
7.5,-52.5,1.574783931,0.8748799616666667
7.5,-47.5,1.591942442,0.8844124677777777
7.5,-42.5,1.735104328,0.9639468488888888
7.5,-37.5,1.931040568,1.0728003155555554
7.5,-32.5,2.12560881,1.1808937833333333
7.5,-27.5,2.232257479,1.2401430438888887
7.5,-22.5,2.375498321,1.3197212894444443
7.5,-17.5,2.432574595,1.3514303305555557
7.5,-12.5,2.547983602,1.4155464455555555
7.5,-7.5,2.693033871,1.4961299283333334
7.5,-2.5,2.553639695,1.4186887194444446
7.5,2.5,2.691696272,1.4953868177777778
7.5,7.5,2.112971955,1.1738733083333333
7.5,12.5,2.035485633,1.1308253516666666
7.5,17.5,2.095254366,1.1640302033333332
7.5,22.5,2.377776112,1.3209867288888888
7.5,27.5,2.5494541,1.416363388888889
7.5,32.5,2.565321217,1.425178453888889
7.5,37.5,2.38240736,1.3235596444444446
7.5,42.5,2.46770796,1.3709488666666667
7.5,47.5,2.652364247,1.4735356927777776
7.5,52.5,2.168768065,1.2048711472222222
7.5,57.5,2.345016546,1.30278697
7.5,62.5,2.367907875,1.3155043750000002
7.5,67.5,2.370295824,1.3168310133333332
7.5,72.5,2.313239005,1.2851327805555555
7.5,77.5,2.201111981,1.2228399894444444
7.5,82.5,2.17547924,1.2085995777777778
7.5,87.5,2.119885671,1.1777142616666667
7.5,92.5,2.039775844,1.133208802222222
7.5,97.5,1.931199527,1.0728886261111112
7.5,102.5,1.819386189,1.010770105
7.5,107.5,1.540754806,0.8559748922222222
7.5,112.5,1.568334668,0.8712970377777779
7.5,117.5,1.528200818,0.8490004544444445
7.5,122.5,1.547657135,0.8598095194444444
7.5,127.5,1.798846744,0.9993593022222222
7.5,132.5,1.829879837,1.0165999094444444
7.5,137.5,1.88743836,1.0485768666666668
7.5,142.5,2.009612992,1.1164516622222225
7.5,147.5,1.953589744,1.0853276355555554
7.5,152.5,1.864983052,1.0361016955555555
7.5,157.5,1.826821546,1.0149008588888888
7.5,162.5,1.914176552,1.0634314177777777
7.5,167.5,1.811380488,1.0063224933333332
12.5,-172.5,1.669795592,0.9276642177777779
12.5,-167.5,1.641255791,0.9118087727777778
12.5,-162.5,1.531771085,0.8509839361111111
12.5,-157.5,1.433254055,0.7962522527777778
12.5,-152.5,1.418209009,0.7878938938888889
12.5,-147.5,1.444334526,0.80240807
12.5,-142.5,1.422952531,0.7905291838888888
12.5,-137.5,1.423710979,0.7909505438888889
12.5,-132.5,1.248054465,0.6933635916666667
12.5,-127.5,1.232016967,0.6844538705555556
12.5,-122.5,1.380463848,0.76692436
12.5,-117.5,1.234038876,0.6855771533333334
12.5,-112.5,1.247143912,0.692857728888889
12.5,-107.5,1.253790629,0.6965503494444445
12.5,-102.5,1.392994602,0.77388589
12.5,-97.5,1.609312702,0.8940626122222223
12.5,-92.5,1.73765712,0.9653650666666667
12.5,-87.5,1.667930807,0.9266282261111112
12.5,-82.5,1.789052903,0.9939182794444444
12.5,-77.5,1.833646694,1.0186926077777778
12.5,-72.5,1.980639655,1.100355363888889
12.5,-67.5,1.962051367,1.0900285372222223
12.5,-62.5,1.877322582,1.04295699
12.5,-57.5,1.823564649,1.0130914716666668
12.5,-52.5,1.672351237,0.9290840205555556
12.5,-47.5,1.621049002,0.9005827788888888
12.5,-42.5,1.673283915,0.929602175
12.5,-37.5,1.850219511,1.0278997283333333
12.5,-32.5,2.01639913,1.1202217388888889
12.5,-27.5,2.062362568,1.1457569822222224
12.5,-22.5,2.124405902,1.180225501111111
12.5,-17.5,2.392320964,1.3290672022222223
12.5,-12.5,2.581951018,1.4344172322222222
12.5,-7.5,2.673099935,1.4850555194444446
12.5,-2.5,2.28574924,1.2698606888888888
12.5,2.5,1.996474832,1.1091526844444446
12.5,7.5,2.108524113,1.171402285
12.5,12.5,1.604272609,0.8912625605555555
12.5,17.5,1.759476791,0.9774871061111112
12.5,22.5,1.922775773,1.0682087627777779
12.5,27.5,1.904046561,1.057803645
12.5,32.5,2.617274044,1.4540411355555556
12.5,37.5,2.530874955,1.4060416416666666
12.5,42.5,2.382349544,1.3235275244444447
12.5,47.5,2.366143412,1.3145241177777778
12.5,52.5,2.131295303,1.1840529461111111
12.5,57.5,2.333640726,1.29646707
12.5,62.5,2.339610025,1.299783347222222
12.5,67.5,2.337361159,1.2985339772222222
12.5,72.5,2.32204041,1.29002245
12.5,77.5,2.147974533,1.193319185
12.5,82.5,2.106195242,1.1701084677777778
12.5,87.5,2.050006619,1.1388925661111111
12.5,92.5,1.937852217,1.076584565
12.5,97.5,1.924100454,1.0689446966666667
12.5,102.5,2.109835653,1.1721309183333335
12.5,107.5,2.36080707,1.3115594833333333
12.5,112.5,1.853581281,1.0297673783333332
12.5,117.5,1.703704817,0.946502676111111
12.5,122.5,1.671354375,0.9285302083333333
12.5,127.5,1.801829684,1.0010164911111112
12.5,132.5,1.704538704,0.9469659466666668
12.5,137.5,1.85531575,1.030730972222222
12.5,142.5,1.929577037,1.0719872427777777
12.5,147.5,1.957034301,1.0872412783333332
12.5,152.5,1.975342902,1.0974127233333333
17.5,-177.5,1.808811268,1.0048951488888889
17.5,-172.5,1.758387002,0.9768816677777777
17.5,-167.5,1.752895734,0.9738309633333332
17.5,-162.5,1.634312907,0.907951615
17.5,-157.5,1.543602715,0.857557063888889
17.5,-152.5,1.38308404,0.7683800222222222
17.5,-147.5,1.351625291,0.7509029394444444
17.5,-142.5,1.239581958,0.6886566433333334
17.5,-137.5,1.164031165,0.6466839805555555
17.5,-132.5,1.259614557,0.699785865
17.5,-127.5,1.46606845,0.8144824722222223
17.5,-122.5,1.747689601,0.9709386672222222
17.5,-117.5,1.723869824,0.9577054577777778
17.5,-112.5,1.433756081,0.7965311561111111
17.5,-107.5,1.238370436,0.6879835755555557
17.5,-102.5,1.652497703,0.9180542794444446
17.5,-97.5,1.837826307,1.021014615
17.5,-92.5,1.646944442,0.9149691344444444
17.5,-87.5,1.983392969,1.101884982777778
17.5,-82.5,1.656534319,0.9202968438888889
17.5,-77.5,1.887004812,1.0483360066666667
17.5,-72.5,1.961383241,1.0896573561111111
17.5,-67.5,2.050892225,1.1393845694444444
17.5,-62.5,1.99606578,1.1089254333333334
17.5,-57.5,1.880896035,1.0449422416666667
17.5,-52.5,1.840413133,1.0224517405555555
17.5,-47.5,1.762799385,0.9793329916666669
17.5,-42.5,1.764718168,0.9803989822222222
17.5,-37.5,1.903853244,1.0576962466666666
17.5,-32.5,2.026340777,1.125744876111111
17.5,-27.5,1.964726085,1.0915144916666666
17.5,-22.5,1.890764051,1.0504244727777778
17.5,-17.5,1.912273542,1.06237419
17.5,-12.5,3.540792224,1.967106791111111
17.5,-7.5,2.907608995,1.6153383305555555
17.5,-2.5,2.715984422,1.5088802344444445
17.5,2.5,2.377323122,1.3207350677777778
17.5,7.5,1.942007072,1.0788928177777777
17.5,12.5,1.60972126,0.8942895888888889
17.5,17.5,1.792770336,0.9959835199999999
17.5,22.5,1.761552035,0.9786400194444445
17.5,27.5,2.094927119,1.1638483994444444
17.5,32.5,2.58826637,1.437925761111111
17.5,37.5,2.020220296,1.1223446088888889
17.5,42.5,2.302361904,1.2790899466666668
17.5,47.5,3.13393249,1.7410736055555553
17.5,52.5,2.879341641,1.5996342449999998
17.5,57.5,2.450520089,1.3614000494444443
17.5,62.5,2.331126596,1.2950703311111111
17.5,67.5,2.284661516,1.2692563977777778
17.5,72.5,2.184380967,1.2135449816666666
17.5,77.5,2.09829392,1.1657188444444444
17.5,82.5,1.90780534,1.0598918555555554
17.5,87.5,1.894628898,1.05257161
17.5,92.5,1.652006703,0.9177815016666666
17.5,97.5,2.393492139,1.329717855
17.5,102.5,1.90164095,1.0564671944444446
17.5,107.5,1.965858118,1.0921433988888891
17.5,112.5,2.23498417,1.2416578722222225
17.5,117.5,2.114530546,1.1747391922222223
17.5,122.5,1.970899891,1.0949443838888888
17.5,127.5,1.601528021,0.8897377894444445
17.5,132.5,1.593978346,0.8855435255555556
17.5,137.5,1.629400438,0.9052224655555556
17.5,142.5,1.681094978,0.9339416544444445
17.5,147.5,1.882363886,1.0457577144444443
17.5,152.5,1.93523601,1.0751311166666666
17.5,157.5,1.899335286,1.0551862699999999
22.5,-177.5,1.735631062,0.9642394788888888
22.5,-172.5,1.786906843,0.9927260238888889
22.5,-167.5,1.743496159,0.9686089772222223
22.5,-162.5,1.717896368,0.9543868711111111
22.5,-157.5,1.706372701,0.947984833888889
22.5,-152.5,1.524332827,0.8468515705555556
22.5,-147.5,1.447021741,0.8039009672222223
22.5,-142.5,1.304795578,0.7248864322222223
22.5,-137.5,1.2107551539999999,0.6726417522222222
22.5,-132.5,1.359966544,0.7555369688888889
22.5,-127.5,1.628929158,0.9049606433333334
22.5,-122.5,1.858330626,1.0324059033333333
22.5,-117.5,1.94700832,1.0816712888888889
22.5,-112.5,1.777319312,0.9873996177777777
22.5,-107.5,1.53982196,0.8554566444444445
22.5,-102.5,2.011030776,1.1172393200000001
22.5,-97.5,2.034048523,1.1300269572222221
22.5,-92.5,1.476088023,0.8200489016666667
22.5,-87.5,1.21191876,0.6732882
22.5,-82.5,1.466322152,0.8146234177777778
22.5,-77.5,1.702483571,0.945824206111111
22.5,-72.5,1.862437577,1.0346875427777777
22.5,-67.5,1.928344772,1.071302651111111
22.5,-62.5,2.053132406,1.1406291144444445
22.5,-57.5,2.029655457,1.127586365
22.5,-52.5,1.935973649,1.0755409161111111
22.5,-47.5,1.866206024,1.0367811244444445
22.5,-42.5,1.878161287,1.0434229372222221
22.5,-37.5,2.032787062,1.1293261455555557
22.5,-32.5,2.193768396,1.2187602199999998
22.5,-27.5,2.119975009,1.177763893888889
22.5,-22.5,1.897720467,1.0542891483333332
22.5,-17.5,1.989819563,1.1054553127777778
22.5,-12.5,3.601236439,2.000686910555556
22.5,-7.5,3.629858066,2.0165878144444442
22.5,-2.5,3.575710207,1.9865056705555557
22.5,2.5,3.276621347,1.8203451927777776
22.5,7.5,2.703009651,1.5016720283333334
22.5,12.5,2.421265984,1.3451477688888889
22.5,17.5,2.166678532,1.2037102955555556
22.5,22.5,2.06311706,1.1461761444444445
22.5,27.5,2.290808113,1.272671173888889
22.5,32.5,2.278571009,1.2658727827777778
22.5,37.5,2.095839541,1.1643553005555556
22.5,42.5,2.996070343,1.6644835238888889
22.5,47.5,3.520709846,1.9559499144444443
22.5,52.5,3.579132845,1.9884071361111113
22.5,57.5,2.84698922,1.581660677777778
22.5,62.5,2.199223883,1.2217910461111112
22.5,67.5,2.20804684,1.226692688888889
22.5,72.5,1.97155133,1.0953062944444445
22.5,77.5,1.836597528,1.02033196
22.5,82.5,1.728385479,0.960214155
22.5,87.5,1.942511805,1.0791732250000001
22.5,92.5,1.982814758,1.1015637544444443
22.5,97.5,2.817513799,1.5652854438888888
22.5,102.5,1.8824468,1.0458037777777778
22.5,107.5,1.549086821,0.8606037894444444
22.5,112.5,2.487288255,1.3818268083333334
22.5,117.5,2.4335914,1.3519952222222225
22.5,122.5,2.245072384,1.2472624355555557
22.5,127.5,1.707308184,0.9485045466666667
22.5,132.5,1.508982339,0.8383235216666667
22.5,137.5,1.607804987,0.8932249927777778
22.5,142.5,1.626338762,0.9035215344444444
22.5,147.5,1.640753352,0.91152964
22.5,152.5,1.808138995,1.0045216638888887
22.5,157.5,1.698195251,0.9434418061111111
22.5,162.5,1.656456995,0.920253886111111
22.5,167.5,1.679954467,0.9333080372222222
22.5,172.5,1.668097317,0.9267207316666668
22.5,177.5,1.705869305,0.9477051694444444
27.5,-177.5,1.704342586,0.9468569922222222
27.5,-172.5,1.889299914,1.0496110633333333
27.5,-167.5,1.855684931,1.0309360727777779
27.5,-162.5,1.8462825919999999,1.0257125511111111
27.5,-157.5,1.8569858,1.0316587777777777
27.5,-152.5,1.826904342,1.0149468566666666
27.5,-147.5,1.77978848,0.9887713777777777
27.5,-142.5,1.566990083,0.8705500461111112
27.5,-137.5,1.364372376,0.7579846533333333
27.5,-132.5,1.36578108,0.7587672666666667
27.5,-127.5,1.58827793,0.8823766277777778
27.5,-122.5,1.796552854,0.998084918888889
27.5,-117.5,2.065425956,1.1474588644444443
27.5,-112.5,2.90219898,1.6123327666666667
27.5,-107.5,2.300709484,1.2781719355555556
27.5,-102.5,2.083840273,1.1576890405555555
27.5,-97.5,2.246195599,1.2478864438888888
27.5,-92.5,1.460042747,0.8111348594444444
27.5,-87.5,0.922613226,0.5125629033333333
27.5,-82.5,1.000441834,0.5558010188888889
27.5,-77.5,1.202335788,0.6679643266666667
27.5,-72.5,1.587696883,0.8820538238888889
27.5,-67.5,1.884720003,1.0470666683333334
27.5,-62.5,2.027341578,1.1263008766666667
27.5,-57.5,1.99874464,1.110413688888889
27.5,-52.5,1.853097642,1.02949869
27.5,-47.5,1.739490759,0.966383755
27.5,-42.5,1.658252374,0.9212513188888889
27.5,-37.5,1.820925952,1.011625528888889
27.5,-32.5,2.113455402,1.17414189
27.5,-27.5,2.271384059,1.2618800327777775
27.5,-22.5,2.257754641,1.2543081338888888
27.5,-17.5,2.264585103,1.2581028349999999
27.5,-12.5,2.730023684,1.5166798244444442
27.5,-7.5,3.963395877,2.201886598333333
27.5,-2.5,4.137063253,2.298368473888889
27.5,2.5,3.975669683,2.2087053794444444
27.5,7.5,3.663138693,2.0350770516666667
27.5,12.5,3.12417977,1.7356554277777778
27.5,17.5,2.540586981,1.4114372116666667
27.5,22.5,2.260352773,1.2557515405555557
27.5,27.5,2.318327156,1.2879595311111112
27.5,32.5,2.333348665,1.2963048138888889
27.5,37.5,2.423801856,1.3465565866666667
27.5,42.5,3.208511489,1.7825063827777778
27.5,47.5,3.226560993,1.792533885
27.5,52.5,2.904195313,1.6134418405555553
27.5,57.5,2.848919705,1.5827331694444444
27.5,62.5,2.600136859,1.4445204772222222
27.5,67.5,2.165893017,1.2032738983333333
27.5,72.5,2.286633361,1.270351867222222
27.5,77.5,2.016545258,1.120302921111111
27.5,82.5,1.94573893,1.0809660722222223
27.5,87.5,2.063796642,1.14655369
27.5,92.5,2.370254871,1.3168082616666668
27.5,97.5,2.416168286,1.3423157144444444
27.5,102.5,2.305609077,1.2808939316666668
27.5,107.5,2.11336738,1.174092988888889
27.5,112.5,2.255128304,1.2528490577777776
27.5,117.5,2.747991709,1.5266620605555556
27.5,122.5,2.289694784,1.2720526577777778
27.5,127.5,2.393987674,1.3299931522222221
27.5,132.5,1.956067328,1.0867040711111111
27.5,137.5,1.57201708,0.8733428222222223
27.5,142.5,1.672381764,0.92910098
27.5,147.5,1.22006549,0.6778141611111111
27.5,152.5,1.223375781,0.6796532116666667
27.5,157.5,1.357830133,0.7543500738888889
27.5,162.5,1.530039606,0.8500220033333333
27.5,167.5,1.732943908,0.9627466155555555
27.5,172.5,1.630223184,0.9056795466666667
27.5,177.5,1.664896227,0.9249423483333334
32.5,-177.5,1.816248907,1.0090271705555556
32.5,-172.5,1.871530915,1.0397393972222222
32.5,-167.5,1.806054973,1.0033638738888888
32.5,-162.5,1.947357145,1.0818650805555556
32.5,-157.5,2.083212536,1.1573402977777778
32.5,-152.5,2.148924479,1.1938469327777779
32.5,-147.5,2.152484072,1.1958244844444446
32.5,-142.5,1.880033448,1.0444630266666666
32.5,-137.5,1.599397815,0.8885543416666666
32.5,-132.5,1.443790524,0.8021058466666666
32.5,-127.5,1.553005347,0.8627807483333334
32.5,-122.5,1.890051059,1.0500283661111112
32.5,-117.5,3.219891449,1.7888285827777777
32.5,-112.5,2.883752309,1.602084616111111
32.5,-107.5,2.40959304,1.3386628
32.5,-102.5,2.950391017,1.6391061205555555
32.5,-97.5,0.623192467,0.3462180372222222
32.5,-92.5,0.883375847,0.4907643594444445
32.5,-87.5,0.434729999,0.2415166661111111
32.5,-82.5,0.774652491,0.430362495
32.5,-77.5,0.638128989,0.354516105
32.5,-72.5,1.266616391,0.7036757727777777
32.5,-67.5,1.847247664,1.0262487022222222
32.5,-62.5,2.145372702,1.1918737233333332
32.5,-57.5,2.117362918,1.1763127322222222
32.5,-52.5,1.924983815,1.0694354527777779
32.5,-47.5,1.741031815,0.9672398972222221
32.5,-42.5,1.508042238,0.8378012433333333
32.5,-37.5,1.505975331,0.8366529616666667
32.5,-32.5,1.731392204,0.9618845577777778
32.5,-27.5,1.981674395,1.1009302194444444
32.5,-22.5,2.21935229,1.2329734944444444
32.5,-17.5,2.431107181,1.3506151005555553
32.5,-12.5,2.05693597,1.1427422055555556
32.5,-7.5,3.04746893,1.6930382944444444
32.5,-2.5,3.65781731,2.032120727777778
32.5,2.5,4.052079707,2.2511553927777777
32.5,7.5,3.956223492,2.19790194
32.5,12.5,3.178329626,1.765738681111111
32.5,17.5,1.918444894,1.0658027188888888
32.5,22.5,2.040802656,1.1337792533333333
32.5,27.5,1.771907445,0.984393025
32.5,32.5,1.71284009,0.9515778277777778
32.5,37.5,2.478222841,1.3767904672222224
32.5,42.5,3.169505827,1.7608365705555555
32.5,47.5,3.966819916,2.203788842222222
32.5,52.5,4.023968566,2.2355380922222223
32.5,57.5,3.869469592,2.149705328888889
32.5,62.5,3.708497771,2.0602765394444447
32.5,67.5,2.884485441,1.6024919116666665
32.5,72.5,1.948788094,1.0826600522222223
32.5,77.5,2.177903676,1.2099464866666667
32.5,82.5,2.142225608,1.1901253377777778
32.5,87.5,2.421094451,1.3450524727777777
32.5,92.5,2.66436073,1.4802004055555555
32.5,97.5,2.637212026,1.4651177922222223
32.5,102.5,2.325006367,1.2916702038888888
32.5,107.5,2.335826667,1.2976814816666666
32.5,112.5,2.978585752,1.6547698622222222
32.5,117.5,3.188188799,1.7712159994444445
32.5,122.5,2.360819225,1.3115662361111111
32.5,127.5,3.251192918,1.806218287777778
32.5,132.5,3.113427034,1.7296816855555557
32.5,137.5,2.522339361,1.401299645
32.5,142.5,2.12711833,1.1817324055555556
32.5,147.5,1.478660443,0.8214780238888889
32.5,152.5,1.164798465,0.6471102583333335
32.5,157.5,1.230635174,0.6836862077777778
32.5,162.5,1.517507291,0.8430596061111112
32.5,167.5,1.796781116,0.9982117311111112
32.5,172.5,1.714047478,0.9522485988888888
32.5,177.5,1.786581211,0.9925451172222223
37.5,-177.5,1.840933296,1.02274072
37.5,-172.5,1.831459047,1.0174772483333332
37.5,-167.5,1.82857946,1.0158774777777777
37.5,-162.5,1.702116469,0.9456202605555555
37.5,-157.5,1.938822233,1.077123462777778
37.5,-152.5,2.182112279,1.2122845994444444
37.5,-147.5,2.251839184,1.251021768888889
37.5,-142.5,2.090710556,1.1615058644444443
37.5,-137.5,1.864150804,1.0356393355555555
37.5,-132.5,1.595711141,0.8865061894444444
37.5,-127.5,1.566724106,0.8704022811111111
37.5,-122.5,1.829033277,1.0161295983333334
37.5,-117.5,2.35526982,1.3084832333333334
37.5,-112.5,2.574004253,1.4300023627777778
37.5,-107.5,2.692494921,1.4958305116666668
37.5,-102.5,2.216203994,1.231224441111111
37.5,-97.5,1.241213709,0.6895631716666667
37.5,-92.5,0.985093968,0.5472744266666667
37.5,-87.5,1.032528999,0.5736272216666667
37.5,-82.5,1.581228505,0.8784602805555556
37.5,-77.5,1.983770656,1.1020948088888889
37.5,-72.5,2.04089185,1.1338288055555554
37.5,-67.5,2.035143661,1.1306353672222222
37.5,-62.5,1.782232034,0.9901289077777778
37.5,-57.5,1.695498872,0.9419438177777777
37.5,-52.5,1.738702498,0.9659458322222222
37.5,-47.5,1.539520106,0.8552889477777779
37.5,-42.5,1.196011798,0.6644509988888889
37.5,-37.5,1.049625828,0.58312546
37.5,-32.5,1.551740198,0.8620778877777778
37.5,-27.5,1.832738462,1.0181880344444445
37.5,-22.5,1.863624186,1.0353467699999999
37.5,-17.5,2.114480463,1.1747113683333332
37.5,-12.5,2.117012112,1.1761178399999999
37.5,-7.5,2.720131126,1.511183958888889
37.5,-2.5,2.798800527,1.5548891816666668
37.5,2.5,2.638740937,1.4659671872222222
37.5,7.5,2.722628923,1.5125716238888889
37.5,12.5,2.167479044,1.2041550244444443
37.5,17.5,2.01513529,1.1195196055555554
37.5,22.5,1.800411522,1.0002286233333335
37.5,27.5,1.947260943,1.0818116350000002
37.5,32.5,1.917473854,1.0652632522222223
37.5,37.5,2.792187932,1.551215517777778
37.5,42.5,3.338051791,1.854473217222222
37.5,47.5,3.539227602,1.9662375566666666
37.5,52.5,2.787450499,1.5485836105555557
37.5,57.5,4.185193714,2.325107618888889
37.5,62.5,4.165124073,2.313957818333334
37.5,67.5,3.693384141,2.0518800783333333
37.5,72.5,2.934672094,1.6303733855555556
37.5,77.5,2.89390861,1.6077270055555557
37.5,82.5,2.854953028,1.5860850155555557
37.5,87.5,2.882755168,1.6015306488888887
37.5,92.5,3.577119638,1.9872886877777778
37.5,97.5,3.078088405,1.7100491138888887
37.5,107.5,3.026113765,1.6811743138888888
37.5,112.5,3.381542609,1.8786347827777776
37.5,117.5,3.61164401,2.006468894444444
37.5,122.5,2.264031472,1.2577952622222222
37.5,127.5,3.299212873,1.8328960405555559
37.5,132.5,3.56779075,1.982105972222222
37.5,137.5,2.992954326,1.6627524033333332
37.5,142.5,2.815599784,1.5642221022222222
37.5,147.5,2.021991744,1.1233287466666668
37.5,152.5,1.408668793,0.7825937738888888
37.5,157.5,1.273574882,0.7075416011111111
37.5,162.5,1.416847021,0.7871372338888888
37.5,167.5,1.762379687,0.9790998261111111
37.5,172.5,1.686401413,0.936889673888889
37.5,177.5,1.751370848,0.9729838044444445
42.5,-177.5,1.343744087,0.7465244927777778
42.5,-172.5,1.512331398,0.8401841099999999
42.5,-167.5,1.631232149,0.9062400827777777
42.5,-162.5,1.698515487,0.9436197150000001
42.5,-157.5,1.837172148,1.0206511933333333
42.5,-152.5,1.959268962,1.0884827566666666
42.5,-147.5,2.07471823,1.152621238888889
42.5,-142.5,1.982756038,1.1015311322222223
42.5,-137.5,1.852150424,1.0289724577777777
42.5,-132.5,1.669662801,0.9275904450000001
42.5,-127.5,1.605881732,0.8921565177777777
42.5,-122.5,2.186481944,1.2147121911111112
42.5,-117.5,1.578882812,0.8771571177777777
42.5,-112.5,1.746876095,0.9704867194444444
42.5,-107.5,2.731211897,1.5173399427777778
42.5,-102.5,2.373602015,1.318667786111111
42.5,-97.5,1.958786484,1.0882147133333335
42.5,-92.5,1.650082756,0.9167126422222223
42.5,-87.5,1.990997917,1.1061099538888888
42.5,-82.5,2.467832455,1.3710180305555555
42.5,-77.5,2.731865379,1.5177029883333333
42.5,-72.5,3.567299866,1.9818332588888887
42.5,-67.5,3.380799004,1.8782216688888889
42.5,-62.5,3.207833287,1.7821296038888892
42.5,-57.5,2.140079324,1.1889329577777776
42.5,-52.5,2.187817058,1.215453921111111
42.5,-47.5,1.601761914,0.8898677300000001
42.5,-42.5,0.627439845,0.3485776916666667
42.5,-37.5,0.407705903,0.22650327944444446
42.5,-32.5,0.497744995,0.27652499722222224
42.5,-27.5,0.828414962,0.4602305344444444
42.5,-22.5,1.391709914,0.7731721744444444
42.5,-17.5,1.826905509,1.0149475049999999
42.5,-12.5,1.982350335,1.1013057416666667
42.5,-7.5,2.598521085,1.4436228249999998
42.5,-2.5,3.219060778,1.788367098888889
42.5,2.5,2.815710608,1.564283671111111
42.5,7.5,2.320319712,1.2890665066666667
42.5,12.5,2.502681292,1.3903784955555556
42.5,17.5,2.335477949,1.2974877494444443
42.5,22.5,2.884774017,1.6026522316666665
42.5,27.5,2.678209635,1.4878942416666667
42.5,32.5,2.107558347,1.1708657483333331
42.5,37.5,2.008203781,1.1156687672222223
42.5,42.5,3.32674579,1.8481921055555555
42.5,47.5,2.924353735,1.624640963888889
42.5,52.5,2.7399361,1.522186722222222
42.5,57.5,4.605459823,2.5585887905555555
42.5,62.5,4.206015114,2.3366750633333333
42.5,67.5,3.804547061,2.113637256111111
42.5,72.5,4.020929687,2.233849826111111
42.5,77.5,3.889754796,2.1609748866666667
42.5,82.5,3.9972486,2.2206936666666666
42.5,87.5,4.768990367,2.6494390927777776
42.5,107.5,4.150077931,2.3055988505555556
42.5,112.5,4.052240089,2.2512444938888887
42.5,117.5,4.48292717,2.4905150944444445
42.5,122.5,4.42876525,2.4604251388888887
42.5,127.5,4.327834121,2.4043522894444447
42.5,132.5,3.429101591,1.9050564394444445
42.5,137.5,2.080417871,1.155787706111111
42.5,142.5,1.847973,1.0266516666666667
42.5,147.5,1.598188592,0.8878825511111111
42.5,152.5,1.488594394,0.8269968855555555
42.5,157.5,1.493874347,0.8299301927777778
42.5,162.5,1.494145044,0.83008058
42.5,167.5,1.435192214,0.7973290077777777
42.5,172.5,1.309558253,0.7275323627777779
42.5,177.5,1.332292804,0.7401626688888888
47.5,-177.5,1.492298306,0.8290546144444444
47.5,-172.5,1.588575566,0.8825419811111112
47.5,-167.5,1.688576348,0.9380979711111112
47.5,-162.5,1.763642212,0.9798012288888889
47.5,-157.5,1.833550766,1.0186393144444446
47.5,-152.5,1.934735126,1.0748528477777777
47.5,-147.5,2.015282929,1.1196016272222222
47.5,-142.5,1.891068793,1.050593773888889
47.5,-137.5,1.836840881,1.0204671561111112
47.5,-132.5,1.786126732,0.9922926288888889
47.5,-127.5,1.794254543,0.9968080794444446
47.5,-122.5,1.939691847,1.0776065816666667
47.5,-117.5,2.26388751,1.2577152833333334
47.5,-112.5,2.595290694,1.4418281633333332
47.5,-107.5,3.031321868,1.6840677044444443
47.5,-102.5,3.146632415,1.7481291194444444
47.5,-97.5,3.357622277,1.8653457094444446
47.5,-92.5,2.643327167,1.4685150927777775
47.5,-87.5,2.345094569,1.3028303161111112
47.5,-82.5,2.867284387,1.5929357705555556
47.5,-77.5,3.60394567,2.002192038888889
47.5,-72.5,3.931030372,2.1839057622222224
47.5,-67.5,3.217680896,1.787600497777778
47.5,-62.5,3.606192549,2.003440305
47.5,-57.5,3.59822347,1.999013038888889
47.5,-52.5,2.892230197,1.6067945538888888
47.5,-47.5,1.552971376,0.8627618755555555
47.5,-42.5,0.286770232,0.15931679555555556
47.5,-37.5,-0.226239327,-0.125688515
47.5,-32.5,-0.271266985,-0.15070388055555556
47.5,-27.5,0.018241298,0.010134054444444445
47.5,-22.5,0.678100364,0.3767224244444444
47.5,-17.5,1.232159594,0.6845331077777779
47.5,-12.5,1.649279976,0.9162666533333333
47.5,-7.5,2.00094492,1.1116360666666667
47.5,-2.5,2.508098706,1.3933881700000001
47.5,2.5,3.408059648,1.893366471111111
47.5,7.5,4.092305463,2.2735030349999996
47.5,12.5,3.805899314,2.1143885077777775
47.5,17.5,3.918123963,2.176735535
47.5,22.5,2.83958591,1.5775477277777776
47.5,27.5,3.683916907,2.0466205038888887
47.5,32.5,3.550417538,1.9724541877777777
47.5,37.5,3.753510405,2.0852835583333333
47.5,42.5,4.673317233,2.5962873516666662
47.5,47.5,4.322280097,2.401266720555556
47.5,52.5,4.303222911,2.390679395
47.5,57.5,4.681067648,2.6005931377777776
47.5,62.5,4.710903067,2.6171683705555555
47.5,67.5,4.763975743,2.6466531905555555
47.5,72.5,4.484017994,2.4911211077777775
47.5,77.5,4.483197021,2.490665011666666
47.5,82.5,4.751198669,2.639554816111111
47.5,87.5,5.078560425,2.821422458333333
47.5,92.5,5.358780828,2.9771004600000004
47.5,97.5,5.117932912,2.843296062222222
47.5,102.5,4.560248809,2.533471560555556
47.5,107.5,4.747998838,2.6377771322222223
47.5,112.5,4.61400951,2.5633386166666665
47.5,117.5,4.91370927,2.7298384833333333
47.5,122.5,4.716177764,2.620098757777778
47.5,127.5,4.963606244,2.757559024444445
47.5,132.5,4.697888657,2.6099381427777777
47.5,137.5,3.737540843,2.0764115794444447
47.5,142.5,1.756642614,0.9759125633333334
47.5,147.5,1.076404457,0.5980024761111111
47.5,152.5,1.638984373,0.9105468738888889
47.5,157.5,1.843741529,1.0243008494444445
47.5,162.5,1.860273357,1.0334851983333335
47.5,167.5,1.696173461,0.9423185894444445
47.5,172.5,1.6395111,0.9108395
47.5,177.5,1.51224501,0.8401361166666667
52.5,-177.5,1.807851355,1.004361863888889
52.5,-172.5,1.75866814,0.9770378555555556
52.5,-167.5,1.777542427,0.9875235705555555
52.5,-162.5,1.90568605,1.0587144722222221
52.5,-157.5,2.072238874,1.151243818888889
52.5,-152.5,2.178120357,1.2100668650000002
52.5,-147.5,2.174554716,1.2080859533333332
52.5,-142.5,2.016926555,1.1205147527777777
52.5,-137.5,1.926118318,1.0700657322222222
52.5,-132.5,1.980198297,1.100110165
52.5,-127.5,2.287471924,1.2708177355555557
52.5,-122.5,2.661891626,1.478828681111111
52.5,-117.5,2.475352354,1.3751957522222222
52.5,-112.5,2.508507642,1.3936153566666667
52.5,-107.5,3.487400745,1.9374448583333335
52.5,-102.5,3.403540063,1.8908555905555555
52.5,-97.5,3.568822863,1.9826793683333332
52.5,-92.5,3.803585569,2.113103093888889
52.5,-87.5,3.496919713,1.9427331738888887
52.5,-82.5,3.128825491,1.738236383888889
52.5,-77.5,3.378608775,1.877004875
52.5,-72.5,3.560082111,1.977823395
52.5,-67.5,3.620779789,2.0115443272222224
52.5,-62.5,3.753611511,2.085339728333333
52.5,-57.5,2.856105073,1.5867250405555557
52.5,-52.5,2.248277344,1.2490429688888889
52.5,-47.5,0.971434185,0.5396856583333334
52.5,-42.5,-0.005400215,-0.0030001194444444442
52.5,-37.5,-0.334948797,-0.186082665
52.5,-32.5,-0.695394254,-0.3863301411111111
52.5,-27.5,-0.369443283,-0.20524626833333334
52.5,-22.5,0.205043944,0.11391330222222222
52.5,-17.5,0.661307467,0.3673930372222222
52.5,-12.5,1.259082344,0.6994901911111112
52.5,-7.5,1.813615676,1.0075642644444445
52.5,-2.5,2.288749642,1.2715275788888887
52.5,2.5,2.448616679,1.3603425994444445
52.5,7.5,3.003426001,1.6685700005555555
52.5,12.5,3.250817345,1.806009636111111
52.5,17.5,2.841634455,1.5786858083333333
52.5,22.5,3.346795716,1.859330953333333
52.5,27.5,4.213881998,2.341045554444444
52.5,32.5,4.303331125,2.3907395138888887
52.5,37.5,4.656955712,2.5871976177777776
52.5,42.5,4.803720427,2.6687335705555557
52.5,47.5,5.177685858,2.8764921433333335
52.5,52.5,4.847989918,2.693327732222222
52.5,57.5,4.249563196,2.3608684422222224
52.5,62.5,4.492049259,2.4955829216666663
52.5,67.5,4.484133516,2.4911852866666666
52.5,72.5,5.007379528,2.7818775155555557
52.5,77.5,4.665619073,2.5920105961111113
52.5,82.5,4.466905796,2.481614331111111
52.5,87.5,4.731706519,2.6287258438888887
52.5,92.5,4.909810212,2.72767234
52.5,97.5,5.10519067,2.8362170388888885
52.5,102.5,5.287717093,2.9376206072222226
52.5,107.5,4.869299116,2.7051661755555556
52.5,112.5,4.500347385,2.500192991666667
52.5,117.5,4.631105922,2.572836623333333
52.5,122.5,4.201818012,2.33434334
52.5,127.5,4.509402518,2.5052236211111114
52.5,132.5,4.863215474,2.7017863744444446
52.5,137.5,3.656968253,2.0316490294444445
52.5,142.5,2.885486975,1.6030483194444445
52.5,147.5,0.967053571,0.5372519838888888
52.5,152.5,1.272070731,0.7067059616666665
52.5,157.5,2.119711239,1.177617355
52.5,162.5,1.540974552,0.8560969733333333
52.5,167.5,1.462901022,0.81272279
52.5,172.5,1.641767608,0.9120931155555555
52.5,177.5,1.639026956,0.9105705311111111
57.5,-177.5,1.614588399,0.8969935550000001
57.5,-172.5,1.763255923,0.9795866238888888
57.5,-167.5,2.001485771,1.1119365394444445
57.5,-162.5,2.226138941,1.236743856111111
57.5,-157.5,2.456942659,1.3649681438888888
57.5,-152.5,2.577521775,1.4319565416666669
57.5,-147.5,2.509597614,1.3942208966666667
57.5,-142.5,2.340417518,1.3002319544444445
57.5,-137.5,2.248335593,1.2490753294444445
57.5,-132.5,2.265471166,1.2585950922222224
57.5,-127.5,3.338680866,1.8548227033333333
57.5,-122.5,3.488594123,1.9381078461111112
57.5,-117.5,3.212586259,1.7847701438888888
57.5,-112.5,3.999081359,2.2217118661111113
57.5,-107.5,4.008001838,2.226667687777778
57.5,-102.5,3.860786376,2.14488132
57.5,-97.5,3.652614843,2.029230468333333
57.5,-92.5,2.143366046,1.1907589144444446
57.5,-72.5,3.776413003,2.098007223888889
57.5,-67.5,3.728227798,2.0712376655555556
57.5,-62.5,4.947544097,2.748635609444444
57.5,-57.5,2.618450861,1.4546949227777777
57.5,-52.5,1.594243289,0.885690716111111
57.5,-47.5,0.643462238,0.35747902111111113
57.5,-42.5,-0.191808378,-0.10656020999999999
57.5,-37.5,-0.488920782,-0.2716226566666667
57.5,-32.5,-0.604313709,-0.33572983833333336
57.5,-27.5,-0.444744592,-0.24708032888888887
57.5,-22.5,-0.068158964,-0.03786609111111111
57.5,-17.5,0.431653677,0.23980759833333332
57.5,-12.5,0.805777894,0.4476543855555556
57.5,-7.5,1.203677285,0.6687096027777777
57.5,-2.5,1.407167828,0.7817599044444444
57.5,2.5,1.552425371,0.8624585394444444
57.5,7.5,2.049013334,1.138340741111111
57.5,12.5,2.5813268,1.4340704444444443
57.5,17.5,2.770770225,1.5393167916666668
57.5,22.5,2.810721493,1.5615119405555555
57.5,27.5,3.8804137929999998,2.1557854405555554
57.5,32.5,4.130260856,2.294589364444444
57.5,37.5,4.473834847,2.485463803888889
57.5,42.5,4.292908016,2.3849488977777775
57.5,47.5,4.506676499,2.5037091661111113
57.5,52.5,4.096693869,2.2759410383333334
57.5,57.5,3.573204924,1.9851138466666667
57.5,62.5,4.49136669,2.495203716666667
57.5,67.5,3.94556286,2.1919793666666667
57.5,72.5,4.334862332,2.408256851111111
57.5,77.5,4.751099321,2.6394996227777776
57.5,82.5,4.365760434,2.4254224633333337
57.5,87.5,4.795056424,2.663920235555556
57.5,92.5,4.613275657,2.5629309205555555
57.5,97.5,4.703481576,2.61304532
57.5,102.5,4.990170405,2.7723168916666667
57.5,107.5,3.94467517,2.1914862055555555
57.5,112.5,4.412793517,2.451551953888889
57.5,117.5,4.4821623,2.4900901666666666
57.5,122.5,4.300180932,2.3889894066666666
57.5,127.5,4.285703415,2.3809463416666667
57.5,132.5,4.467987338,2.482215187777778
57.5,137.5,3.514388085,1.952437825
57.5,142.5,3.11091713,1.7282872944444445
57.5,147.5,1.179996966,0.65555387
57.5,152.5,1.435140563,0.7973003127777778
57.5,157.5,2.496096548,1.3867203044444445
57.5,162.5,1.662013523,0.923340846111111
57.5,167.5,1.253435462,0.6963530344444444
57.5,172.5,1.118845448,0.6215808044444445
57.5,177.5,1.322240236,0.7345779088888889
62.5,-167.5,1.846858598,1.0260325544444444
62.5,-162.5,3.147714797,1.7487304427777777
62.5,-157.5,3.731110717,2.072839287222222
62.5,-152.5,3.735898451,2.075499139444444
62.5,-147.5,3.316916035,1.8427311305555554
62.5,-142.5,3.503440282,1.9463557122222224
62.5,-137.5,3.977414993,2.209674996111111
62.5,-132.5,3.787084683,2.103935935
62.5,-127.5,4.338009312,2.4100051733333334
62.5,-122.5,4.815563724,2.6753131800000003
62.5,-117.5,5.17092012,2.8727333999999995
62.5,-112.5,4.180263607,2.3223686705555555
62.5,-107.5,3.956642829,2.1981349050000003
62.5,-102.5,3.676597663,2.042554257222222
62.5,-97.5,3.652900209,2.029389005
62.5,-57.5,1.657468813,0.9208160072222221
62.5,-52.5,0.85225678,0.4734759888888889
62.5,-47.5,1.408478714,0.7824881744444444
62.5,-42.5,0.5689715,0.31609527777777774
62.5,-37.5,-0.641877158,-0.35659842111111106
62.5,-32.5,-0.265637041,-0.1475761338888889
62.5,-27.5,0.005586426,0.00310357
62.5,-22.5,0.570497644,0.3169431355555556
62.5,-17.5,0.766936475,0.42607581944444445
62.5,-12.5,0.865302006,0.4807233366666666
62.5,-7.5,0.961792423,0.5343291238888889
62.5,-2.5,1.117518593,0.6208436627777778
62.5,2.5,1.214314953,0.6746194183333333
62.5,7.5,1.966844321,1.0926912894444445
62.5,12.5,2.972231229,1.6512395716666668
62.5,17.5,3.346578479,1.8592102661111112
62.5,22.5,3.237650302,1.7986946122222223
62.5,27.5,3.444474087,1.9135967150000002
62.5,32.5,3.44410918,1.9133939888888887
62.5,37.5,3.562130797,1.9789615538888892
62.5,42.5,3.610643551,2.005913083888889
62.5,47.5,3.619347807,2.0107487816666665
62.5,52.5,3.524954705,1.9583081694444442
62.5,57.5,3.213635089,1.7853528272222219
62.5,62.5,3.219524721,1.788624845
62.5,67.5,3.091184927,1.7173249594444444
62.5,72.5,4.194069132,2.3300384066666666
62.5,77.5,4.558740878,2.5326338211111112
62.5,82.5,4.781668773,2.6564826516666664
62.5,87.5,4.597091619,2.5539397883333335
62.5,92.5,4.25395586,2.3633088111111107
62.5,97.5,4.263930535,2.368850297222222
62.5,102.5,4.699800172,2.6110000955555552
62.5,107.5,4.311694129,2.3953856272222223
62.5,112.5,4.178694416,2.3214968977777777
62.5,117.5,3.965838785,2.2032437694444442
62.5,122.5,3.544136234,1.9689645744444446
62.5,127.5,3.594281106,1.9968228366666665
62.5,132.5,3.926774937,2.1815416316666667
62.5,137.5,4.074647023,2.2636927905555555
62.5,152.5,5.394109347,2.996727415
62.5,162.5,2.72622997,1.5145722055555555
62.5,167.5,3.022630027,1.6792389038888889
62.5,172.5,2.769921801,1.5388454450000002
62.5,177.5,2.187814022,1.2154522344444443
67.5,-162.5,4.144286408,2.3023813377777778
67.5,-157.5,4.870817129,2.706009516111111
67.5,-152.5,4.804214058,2.66900781
67.5,-147.5,5.199426759,2.888570421666666
67.5,-142.5,4.983041176,2.768356208888889
67.5,-137.5,5.251059367,2.917255203888889
67.5,-132.5,5.568211333,3.0934507405555554
67.5,-127.5,5.231684127,2.906491181666667
67.5,-122.5,5.075273036,2.8195961311111106
67.5,-117.5,5.185802671,2.8810014838888893
67.5,-112.5,3.913774719,2.1743192883333333
67.5,-107.5,3.156779399,1.7537663327777777
67.5,-37.5,1.028402602,0.571334778888889
67.5,-22.5,1.382453932,0.7680299622222222
67.5,-17.5,1.175098345,0.652832413888889
67.5,-12.5,0.873252489,0.4851402716666667
67.5,-7.5,0.880921044,0.4894005800000001
67.5,-2.5,0.986296482,0.5479424900000001
67.5,2.5,1.311105966,0.7283922033333332
67.5,7.5,1.752686425,0.9737146805555555
67.5,12.5,2.22825246,1.2379180333333335
67.5,17.5,2.958049398,1.6433607766666667
67.5,22.5,3.196193832,1.77566324
67.5,27.5,3.126985268,1.7372140377777778
67.5,32.5,2.895830062,1.6087944788888888
67.5,37.5,3.130752102,1.7393067233333335
67.5,42.5,2.607302707,1.448501503888889
67.5,52.5,3.571168339,1.983982410555556
67.5,57.5,3.601055841,2.0005865783333334
67.5,62.5,3.760532039,2.0891844661111114
67.5,67.5,3.831581206,2.1286562255555554
67.5,72.5,3.535639783,1.964244323888889
67.5,77.5,4.369996584,2.42777588
67.5,82.5,3.967031181,2.203906211666667
67.5,87.5,3.868725285,2.149291825
67.5,92.5,4.817087581,2.676159767222222
67.5,97.5,4.306677457,2.3925985872222224
67.5,127.5,4.133845903,2.2965810572222223
67.5,132.5,4.025270155,2.2362611972222224
72.5,-57.5,2.62258347,1.4569908166666667
72.5,-27.5,1.706766296,0.9482034977777778
72.5,-7.5,1.124874382,0.6249302122222222
72.5,-2.5,1.256610393,0.698116885
72.5,2.5,1.193856844,0.6632538022222222
72.5,7.5,1.765526773,0.9808482072222221
72.5,12.5,2.175065705,1.2083698361111113
72.5,17.5,2.296887849,1.276048805
72.5,22.5,2.231378894,1.2396549411111113
72.5,27.5,2.241834576,1.2454636533333334
72.5,32.5,2.272317515,1.2623986194444445
72.5,37.5,1.99538556,1.1085475333333332
72.5,42.5,2.4789778,1.3772098888888888
72.5,47.5,3.416042685,1.8978014916666668
72.5,52.5,3.330776924,1.8504316244444443
72.5,122.5,2.650717379,1.472620766111111
72.5,127.5,2.672757423,1.484865235
77.5,7.5,2.295113428,1.2750630155555556
77.5,12.5,2.19879672,1.2215537333333333
