,-177.5,-172.5,-167.5,-162.5,-157.5,-152.5,-147.5,-142.5,-137.5,-132.5,-127.5,-122.5,-117.5,-112.5,-107.5,-102.5,-97.5,-92.5,-87.5,-82.5,-77.5,-72.5,-67.5,-62.5,-57.5,-52.5,-47.5,-42.5,-37.5,-32.5,-27.5,-22.5,-17.5,-12.5,-7.5,-2.5,2.5,7.5,12.5,17.5,22.5,27.5,32.5,37.5,42.5,47.5,52.5,57.5,62.5,67.5,72.5,77.5,82.5,87.5,92.5,97.5,102.5,107.5,112.5,117.5,122.5,127.5,132.5,137.5,142.5,147.5,152.5,157.5,162.5,167.5,172.5,177.5
-87.5,NA,NA,NA,NA,NA,NA,NA,NA,NA,NA,NA,NA,NA,NA,NA,NA,NA,NA,NA,NA,NA,NA,NA,NA,NA,NA,NA,NA,NA,NA,NA,NA,NA,NA,NA,NA,NA,NA,NA,NA,NA,NA,NA,NA,NA,NA,NA,NA,NA,NA,NA,NA,NA,NA,NA,NA,NA,NA,NA,NA,NA,NA,NA,NA,NA,NA,NA,NA,NA,NA,NA,NA
-82.5,NA,NA,NA,NA,NA,NA,NA,NA,NA,NA,NA,NA,NA,NA,NA,NA,NA,NA,NA,NA,NA,NA,NA,NA,NA,NA,NA,NA,NA,NA,NA,NA,NA,NA,NA,NA,NA,NA,NA,NA,NA,NA,NA,NA,NA,NA,NA,NA,NA,NA,NA,NA,NA,NA,NA,NA,NA,NA,NA,NA,NA,NA,NA,NA,NA,NA,NA,NA,NA,NA,NA,NA
-77.5,NA,NA,NA,NA,NA,NA,NA,NA,NA,NA,NA,NA,NA,NA,NA,NA,NA,NA,NA,NA,NA,NA,NA,NA,NA,NA,NA,NA,NA,NA,NA,NA,NA,NA,NA,NA,NA,NA,NA,NA,NA,NA,NA,NA,NA,NA,NA,NA,NA,NA,NA,NA,NA,NA,NA,NA,NA,NA,NA,NA,NA,NA,NA,NA,NA,NA,NA,NA,NA,NA,NA,NA
-72.5,NA,NA,NA,NA,NA,NA,NA,NA,NA,NA,NA,NA,NA,NA,NA,NA,NA,NA,NA,NA,NA,NA,NA,NA,NA,NA,NA,NA,NA,NA,NA,NA,NA,NA,NA,NA,NA,NA,NA,NA,NA,NA,NA,NA,NA,NA,NA,NA,NA,NA,NA,NA,NA,NA,NA,NA,NA,NA,NA,NA,NA,NA,NA,NA,NA,NA,NA,NA,NA,NA,NA,NA
-67.5,NA,NA,NA,NA,NA,NA,NA,NA,NA,NA,NA,NA,NA,NA,NA,NA,NA,NA,NA,NA,NA,NA,NA,1.357868575,NA,NA,NA,NA,NA,NA,NA,NA,NA,NA,NA,NA,NA,NA,NA,NA,NA,NA,NA,NA,NA,NA,NA,NA,NA,NA,NA,NA,NA,NA,NA,NA,NA,NA,NA,NA,NA,NA,NA,NA,NA,NA,NA,NA,NA,NA,NA,NA
-62.5,NA,NA,NA,NA,NA,NA,NA,NA,NA,NA,NA,NA,NA,NA,NA,NA,NA,NA,NA,NA,1.233206867,1.107758633,0.956245009,0.716527234,NA,NA,NA,3.577278663,NA,NA,NA,NA,NA,NA,NA,NA,NA,NA,NA,NA,NA,NA,NA,NA,NA,NA,NA,NA,NA,NA,NA,NA,NA,NA,NA,NA,NA,NA,NA,NA,NA,NA,NA,NA,NA,NA,NA,NA,NA,NA,NA,NA
-57.5,NA,NA,NA,NA,NA,NA,NA,NA,NA,NA,NA,NA,NA,NA,NA,NA,NA,NA,NA,0.940206623,0.92755541,0.84415092,0.804713094,0.94389896,0.919397988,1.260841467,1.251764955,NA,NA,NA,NA,NA,NA,NA,NA,NA,NA,NA,NA,NA,NA,NA,NA,NA,NA,NA,NA,NA,NA,NA,NA,NA,NA,NA,NA,NA,NA,NA,NA,NA,NA,NA,NA,NA,NA,NA,NA,NA,NA,0.891690949,NA,1.084504798
-52.5,1.118789943,1.168660351,1.064608043,0.932541002,0.889046184,0.696335726,0.529519009,NA,NA,NA,NA,NA,NA,NA,NA,NA,NA,NA,NA,0.952761433,0.856567832,0.530858066,0.893106382,1.429427679,1.421669398,2.006123944,2.305981583,2.098236461,0.967055355,NA,NA,NA,NA,NA,NA,NA,NA,NA,NA,NA,NA,NA,NA,NA,NA,3.091707184,3.03331394,2.671700898,2.341353203,2.087223908,1.906520484,1.859451359,1.839702061,1.958187598,1.959665199,1.976607282,1.913205453,1.844801153,1.819521814,NA,NA,NA,NA,1.72893684,NA,1.590155823,1.554650709,1.67685431,1.674913463,1.527028461,1.255811907,1.191543409
-47.5,1.472504774,1.545747944,1.516053364,1.410090241,1.284747334,1.096831091,1.157862135,0.982041979,0.596896847,0.508333437,NA,NA,NA,NA,NA,NA,NA,NA,1.276024792,1.314578323,1.292177108,1.180764833,1.32610059,2.08996714,2.393974864,2.706370541,2.964569761,2.689331581,2.192316549,1.904369424,NA,NA,NA,NA,NA,NA,NA,NA,NA,NA,2.690432196,2.570240108,2.465775277,2.293581745,2.472382763,2.640106586,2.440052683,2.517475734,2.333847652,2.081870873,1.846116985,2.008511358,2.118746754,2.157473311,2.180538469,2.1787757,2.032040878,1.827771245,1.826809265,1.975194664,1.965707755,1.942370587,2.03021247,2.175647099,2.297347022,2.329008077,2.221868191,2.289194137,2.108508018,1.787588364,1.606310588,1.473611911
-42.5,1.945419154,1.869342772,1.889435905,1.755320462,1.627613006,1.498229298,1.341239275,1.299145499,1.286169824,1.197551361,1.16578221,1.126348417,NA,NA,NA,NA,NA,NA,1.517262736,1.773806918,1.818165595,1.417364544,2.440920815,2.687424122,3.125424915,3.463882295,3.2732288,2.884501997,2.339142316,2.127410207,1.875939053,1.727668084,1.627422554,1.980685845,2.321137911,2.498659982,2.615530218,2.85027989,2.850166873,2.83155122,2.56584578,2.410314796,2.227986435,2.214048764,2.162214392,2.348381922,2.578902415,2.510818316,2.366972518,2.115231902,1.928029236,1.915291708,2.007971311,2.071200771,2.16653496,2.188696498,1.943660604,1.681036146,1.636449456,1.733162415,1.838782021,1.898570591,2.140772583,2.376869151,2.586466891,2.645770876,2.649415119,2.508314841,2.295328622,2.000450409,2.058491541,1.847912302
-37.5,2.062072237,2.041383152,2.049438112,1.988992178,1.95365378,1.952785448,1.987920789,1.729201835,1.665747588,1.640224998,1.478506414,1.547624498,1.599714216,NA,NA,NA,NA,NA,1.376382659,1.818235299,1.757493115,0.977119597,1.4683577,2.128807272,2.934406886,3.199217627,3.051190042,2.735680248,2.241575494,2.068047254,2.105500369,2.020956497,1.87999592,1.956175431,2.237165214,2.425398977,2.599593056,2.71729709,2.630206931,2.429317382,2.234944827,2.141141731,2.015608184,1.891429248,1.851802866,2.138993502,2.349808514,2.349103066,2.183618581,2.031405661,1.921247121,1.76684756,1.886341715,1.932568809,1.964034049,2.015748731,1.913906139,1.697099803,1.647552855,1.717770191,1.816540353,1.941862873,2.218347645,2.424797438,2.377612311,2.727297914,2.794286952,2.600753937,2.392766616,2.080391682,2.089474657,2.260571687
-32.5,2.162002948,2.122067649,2.024524766,2.012858017,2.117116843,2.156650146,2.120650035,2.2091805,1.935796719,1.988302845,1.793114449,1.738129645,1.70605532,1.615572087,1.460132763,NA,NA,NA,0.94767708,1.488570645,1.351434517,1.259766553,1.609859549,2.071432073,2.755078866,2.999424826,2.655040928,2.341152065,2.126401196,2.143040066,2.292219778,2.14168871,2.085026906,1.977995621,2.085930631,2.208370489,2.312824459,2.332287098,2.261109328,2.259904409,2.834653497,2.186497181,2.007206989,1.796663984,1.757776221,1.948953907,2.038246864,2.030225846,1.924193935,1.792072769,1.727312943,1.746876001,1.751933168,1.801004101,1.910430049,1.977958913,1.877459585,1.756469751,1.763151555,2.400183132,2.324717346,2.179675893,2.333861645,2.132196277,2.166259101,1.934246261,2.547342009,2.490738871,2.400884781,2.180750591,2.115739513,2.147807633
-27.5,2.207304849,2.110591356,2.144370118,1.978724148,1.91976555,1.949977174,NA,1.915556217,1.902297611,1.661017071,1.686554175,1.526528821,1.458785113,1.251701929,1.089944508,0.820178,NA,NA,0.736639988,1.250539664,1.223940194,1.28220728,1.814624811,2.105974864,2.372797579,3.331761857,2.740797674,2.244273285,2.115228414,2.144830662,2.217196522,2.10608552,1.937032179,1.692068938,1.763718266,1.858596973,1.972325257,2.014774929,2.095693466,2.670387656,3.254425532,3.32282707,2.323765548,1.755890638,1.679531236,1.677198988,1.533691036,1.436837178,1.392202783,1.34030289,1.466016284,1.559821882,1.501539048,1.629747447,1.794451882,1.875565551,1.85992205,1.787931038,1.808985297,2.661987477,2.782640537,3.296701129,3.125853765,2.893357044,2.311411953,1.693167871,2.209493532,2.413470473,2.34670462,2.190393422,2.041407049,2.07919484
-22.5,2.078932774,1.972745934,2.062822567,1.894250906,1.519706044,1.791814135,NA,1.556672436,1.44960023,1.323458433,1.202008533,1.073711024,0.911082184,0.846684253,0.705517473,0.630676365,0.575001369,0.551689869,1.062311697,1.425515626,1.524839277,1.687784566,2.023234237,2.882606542,2.99790887,3.585372687,4.137681224,3.283682491,2.262235459,2.277767229,2.364872637,2.125123446,1.908548529,1.8123037,1.859476787,1.909068454,1.94090012,2.103858162,2.570126719,2.501314945,2.617503502,1.5505468,2.292754746,1.928659965,1.897198656,1.808688978,1.461993638,1.362679215,1.334289552,1.211096526,1.383871715,1.330842087,1.356271612,1.478218171,1.604480626,1.728221631,1.778125363,1.721744981,1.812342895,2.209612527,3.56334386,3.069688475,3.177794973,3.242960385,2.895409504,2.171114008,2.185176948,2.247338393,2.269842123,2.076739476,2.051814176,1.979175849
-17.5,1.931598137,1.899121749,1.778355989,1.635897817,1.591627428,1.596944995,1.584750768,NA,1.33963609,1.327402329,1.178419754,0.986559208,0.858218175,0.820689509,0.766317592,0.704154984,0.697306001,1.149993677,1.649343147,1.902085994,1.996127801,1.842297048,1.457326932,2.287650038,2.564663465,3.91585613,3.999679402,4.028197864,2.53467528,2.287529085,2.27940847,2.204862047,2.106494304,2.13111952,2.210125364,2.247048134,2.274881555,2.913389583,3.199072936,2.576002228,2.331962705,1.675089213,1.840936848,1.915881714,1.935455638,2.052084485,1.519635271,1.401870539,1.456197149,1.352280938,1.355026917,1.2881862,1.368397437,1.522598761,1.530940409,1.675438007,1.639187268,1.696711331,1.717457259,1.61842691,2.054502279,2.685878624,2.43640879,2.584216456,1.536863433,2.221919793,2.218098521,2.227572552,2.153793915,1.986634693,1.988037589,2.180269505
-12.5,1.8669973,1.706955941,1.646525972,1.496407152,1.376950555,1.342961196,1.429279507,NA,1.180718763,1.169815223,1.03521227,1.007365103,1.024354869,1.09520086,0.974213277,0.938589006,1.039455791,1.522209808,1.847468393,2.131709453,1.944218549,1.428807838,1.891035635,NA,NA,4.008177131,3.499289271,3.80684089,2.60317929,2.149441227,2.108221083,2.091629838,2.169314738,2.256245346,2.414356014,2.562156399,2.692122084,3.361170844,3.729992799,2.628422541,2.305085204,2.104611649,2.165403511,2.197328532,1.89503856,1.821444862,1.759460308,1.675132259,1.687963508,1.733280174,1.703614959,1.657241377,1.672763863,1.745538103,1.785658834,1.781300105,1.828749313,1.760914909,1.715044542,1.575890578,1.65299894,1.786684947,2.011649009,2.043168776,2.117474619,2.337351317,2.344547666,2.293934642,2.158942544,2.130174808,1.97342563,1.983524136
-7.5,1.601988962,1.640037098,1.541044553,1.365763207,1.34211522,NA,NA,NA,1.210706188,1.3721017,1.281779045,1.244553739,1.207812803,1.219707876,1.34281299,1.305980456,1.369252472,1.592780092,1.776496567,1.965802046,1.815560803,1.992999452,1.942154909,NA,NA,3.301824124,3.154259373,3.22511779,3.231563895,2.100681478,1.959293229,2.028037927,2.139391907,2.343911678,2.465046074,2.61958641,2.782983189,3.138938039,3.304489132,2.847047063,2.513099831,2.301957691,2.040935059,2.538669731,1.934384476,1.901116909,1.939718555,2.042774903,2.131374813,2.122159258,1.993652521,1.91058772,1.917376729,2.009922426,2.030744657,1.979227916,1.879025267,1.783074654,1.696687641,1.669478269,1.696471821,1.822246308,1.929393912,2.023302775,2.073297156,2.210697729,2.332661156,2.207384364,2.068241522,1.988185904,1.774176827,1.763055156
-2.5,1.701972094,1.468245302,1.372144462,1.275134118,1.25544872,1.032003748,NA,NA,1.350990325,1.121517694,1.244404665,1.282564906,1.123409964,1.048285339,1.065503221,1.015184733,1.145030385,1.308254478,1.380823356,1.629400849,2.172527547,1.98440392,2.208583195,3.096802352,2.912357354,2.971180518,2.830305078,2.182452599,1.964591541,1.898695736,1.971571052,2.086779583,2.202445883,2.257404622,2.331754071,2.536941451,2.743657852,2.946241129,2.946706067,2.692139747,2.779128969,2.655219852,2.166889514,2.842313409,2.195377256,2.094726487,2.167877103,2.35138589,2.477351724,2.45902979,2.324134152,2.193828733,2.131158421,2.082957463,1.986018258,1.848805944,1.854665321,1.707100777,1.796746233,1.768665832,1.811331353,1.900363743,1.976463735,2.026978456,2.051650405,2.16540353,2.139865409,2.118652246,2.025222872,1.664627046,1.686573016,1.710003864
2.5,1.752676108,1.548741667,1.425489619,1.301922162,1.211363849,NA,NA,NA,1.054294671,0.933144171,1.01139761,1.208552955,1.159922093,0.960107049,0.898948903,1.014991509,1.178974238,1.270089159,1.300180327,1.506244638,1.925346294,2.234343145,2.404495211,2.714179469,2.746961383,2.49490811,1.517898043,1.671161301,1.883237622,2.04693259,2.181499034,2.328100357,2.375338548,2.448640897,2.489992526,2.637895975,2.849720678,2.978989121,2.583267225,2.771759454,2.647050075,2.678572049,2.293475751,2.631205604,2.552778705,2.259201878,2.211946688,2.375253427,2.484155001,2.470100469,2.358384515,2.20969372,2.124882047,2.05100235,1.94245871,1.891849823,1.917963211,1.639385173,1.854978225,1.87119588,1.797866793,1.921778979,1.91273855,1.988096414,2.104261886,2.145648902,2.055068285,1.981881764,2.129674006,1.855248569,1.734986884,NA
7.5,1.716817894,1.63830517,1.570470411,1.404200605,1.389019927,1.23027982,1.151844769,1.2455956,1.370924677,1.134207475,1.069041558,1.028283094,0.927041226,0.980531331,1.151882412,1.345404347,1.439634538,1.521926776,1.540412914,1.646878612,1.886401772,2.048070452,2.600583005,2.675863079,2.142537145,1.574783931,1.591942442,1.735104328,1.931040568,2.12560881,2.232257479,2.375498321,2.432574595,2.547983602,2.693033871,2.553639695,2.691696272,2.112971955,2.035485633,2.095254366,2.377776112,2.5494541,2.565321217,2.38240736,2.46770796,2.652364247,2.168768065,2.345016546,2.367907875,2.370295824,2.313239005,2.201111981,2.17547924,2.119885671,2.039775844,1.931199527,1.819386189,1.540754806,1.568334668,1.528200818,1.547657135,1.798846744,1.829879837,1.88743836,2.009612992,1.953589744,1.864983052,1.826821546,1.914176552,1.811380488,NA,NA
12.5,NA,1.669795592,1.641255791,1.531771085,1.433254055,1.418209009,1.444334526,1.422952531,1.423710979,1.248054465,1.232016967,1.380463848,1.234038876,1.247143912,1.253790629,1.392994602,1.609312702,1.73765712,1.667930807,1.789052903,1.833646694,1.980639655,1.962051367,1.877322582,1.823564649,1.672351237,1.621049002,1.673283915,1.850219511,2.01639913,2.062362568,2.124405902,2.392320964,2.581951018,2.673099935,2.28574924,1.996474832,2.108524113,1.604272609,1.759476791,1.922775773,1.904046561,2.617274044,2.530874955,2.382349544,2.366143412,2.131295303,2.333640726,2.339610025,2.337361159,2.32204041,2.147974533,2.106195242,2.050006619,1.937852217,1.924100454,2.109835653,2.36080707,1.853581281,1.703704817,1.671354375,1.801829684,1.704538704,1.85531575,1.929577037,1.957034301,1.975342902,NA,NA,NA,NA,NA
17.5,1.808811268,1.758387002,1.752895734,1.634312907,1.543602715,1.38308404,1.351625291,1.239581958,1.164031165,1.259614557,1.46606845,1.747689601,1.723869824,1.433756081,1.238370436,1.652497703,1.837826307,1.646944442,1.983392969,1.656534319,1.887004812,1.961383241,2.050892225,1.99606578,1.880896035,1.840413133,1.762799385,1.764718168,1.903853244,2.026340777,1.964726085,1.890764051,1.912273542,3.540792224,2.907608995,2.715984422,2.377323122,1.942007072,1.60972126,1.792770336,1.761552035,2.094927119,2.58826637,2.020220296,2.302361904,3.13393249,2.879341641,2.450520089,2.331126596,2.284661516,2.184380967,2.09829392,1.90780534,1.894628898,1.652006703,2.393492139,1.90164095,1.965858118,2.23498417,2.114530546,1.970899891,1.601528021,1.593978346,1.629400438,1.681094978,1.882363886,1.93523601,1.899335286,NA,NA,NA,NA
22.5,1.735631062,1.786906843,1.743496159,1.717896368,1.706372701,1.524332827,1.447021741,1.304795578,1.210755154,1.359966544,1.628929158,1.858330626,1.94700832,1.777319312,1.53982196,2.011030776,2.034048523,1.476088023,1.21191876,1.466322152,1.702483571,1.862437577,1.928344772,2.053132406,2.029655457,1.935973649,1.866206024,1.878161287,2.032787062,2.193768396,2.119975009,1.897720467,1.989819563,3.601236439,3.629858066,3.575710207,3.276621347,2.703009651,2.421265984,2.166678532,2.06311706,2.290808113,2.278571009,2.095839541,2.996070343,3.520709846,3.579132845,2.84698922,2.199223883,2.20804684,1.97155133,1.836597528,1.728385479,1.942511805,1.982814758,2.817513799,1.8824468,1.549086821,2.487288255,2.4335914,2.245072384,1.707308184,1.508982339,1.607804987,1.626338762,1.640753352,1.808138995,1.698195251,1.656456995,1.679954467,1.668097317,1.705869305
27.5,1.704342586,1.889299914,1.855684931,1.846282592,1.8569858,1.826904342,1.77978848,1.566990083,1.364372376,1.36578108,1.58827793,1.796552854,2.065425956,2.90219898,2.300709484,2.083840273,2.246195599,1.460042747,0.922613226,1.000441834,1.202335788,1.587696883,1.884720003,2.027341578,1.99874464,1.853097642,1.739490759,1.658252374,1.820925952,2.113455402,2.271384059,2.257754641,2.264585103,2.730023684,3.963395877,4.137063253,3.975669683,3.663138693,3.12417977,2.540586981,2.260352773,2.318327156,2.333348665,2.423801856,3.208511489,3.226560993,2.904195313,2.848919705,2.600136859,2.165893017,2.286633361,2.016545258,1.94573893,2.063796642,2.370254871,2.416168286,2.305609077,2.11336738,2.255128304,2.747991709,2.289694784,2.393987674,1.956067328,1.57201708,1.672381764,1.22006549,1.223375781,1.357830133,1.530039606,1.732943908,1.630223184,1.664896227
32.5,1.816248907,1.871530915,1.806054973,1.947357145,2.083212536,2.148924479,2.152484072,1.880033448,1.599397815,1.443790524,1.553005347,1.890051059,3.219891449,2.883752309,2.40959304,2.950391017,0.623192467,0.883375847,0.434729999,0.774652491,0.638128989,1.266616391,1.847247664,2.145372702,2.117362918,1.924983815,1.741031815,1.508042238,1.505975331,1.731392204,1.981674395,2.21935229,2.431107181,2.05693597,3.04746893,3.65781731,4.052079707,3.956223492,3.178329626,1.918444894,2.040802656,1.771907445,1.71284009,2.478222841,3.169505827,3.966819916,4.023968566,3.869469592,3.708497771,2.884485441,1.948788094,2.177903676,2.142225608,2.421094451,2.66436073,2.637212026,2.325006367,2.335826667,2.978585752,3.188188799,2.360819225,3.251192918,3.113427034,2.522339361,2.12711833,1.478660443,1.164798465,1.230635174,1.517507291,1.796781116,1.714047478,1.786581211
37.5,1.840933296,1.831459047,1.82857946,1.702116469,1.938822233,2.182112279,2.251839184,2.090710556,1.864150804,1.595711141,1.566724106,1.829033277,2.35526982,2.574004253,2.692494921,2.216203994,1.241213709,0.985093968,1.032528999,1.581228505,1.983770656,2.04089185,2.035143661,1.782232034,1.695498872,1.738702498,1.539520106,1.196011798,1.049625828,1.551740198,1.832738462,1.863624186,2.114480463,2.117012112,2.720131126,2.798800527,2.638740937,2.722628923,2.167479044,2.01513529,1.800411522,1.947260943,1.917473854,2.792187932,3.338051791,3.539227602,2.787450499,4.185193714,4.165124073,3.693384141,2.934672094,2.89390861,2.854953028,2.882755168,3.577119638,3.078088405,NA,3.026113765,3.381542609,3.61164401,2.264031472,3.299212873,3.56779075,2.992954326,2.815599784,2.021991744,1.408668793,1.273574882,1.416847021,1.762379687,1.686401413,1.751370848
42.5,1.343744087,1.512331398,1.631232149,1.698515487,1.837172148,1.959268962,2.07471823,1.982756038,1.852150424,1.669662801,1.605881732,2.186481944,1.578882812,1.746876095,2.731211897,2.373602015,1.958786484,1.650082756,1.990997917,2.467832455,2.731865379,3.567299866,3.380799004,3.207833287,2.140079324,2.187817058,1.601761914,0.627439845,0.407705903,0.497744995,0.828414962,1.391709914,1.826905509,1.982350335,2.598521085,3.219060778,2.815710608,2.320319712,2.502681292,2.335477949,2.884774017,2.678209635,2.107558347,2.008203781,3.32674579,2.924353735,2.7399361,4.605459823,4.206015114,3.804547061,4.020929687,3.889754796,3.9972486,4.768990367,NA,NA,NA,4.150077931,4.052240089,4.48292717,4.42876525,4.327834121,3.429101591,2.080417871,1.847973,1.598188592,1.488594394,1.493874347,1.494145044,1.435192214,1.309558253,1.332292804
47.5,1.492298306,1.588575566,1.688576348,1.763642212,1.833550766,1.934735126,2.015282929,1.891068793,1.836840881,1.786126732,1.794254543,1.939691847,2.26388751,2.595290694,3.031321868,3.146632415,3.357622277,2.643327167,2.345094569,2.867284387,3.60394567,3.931030372,3.217680896,3.606192549,3.59822347,2.892230197,1.552971376,0.286770232,-0.226239327,-0.271266985,0.018241298,0.678100364,1.232159594,1.649279976,2.00094492,2.508098706,3.408059648,4.092305463,3.805899314,3.918123963,2.83958591,3.683916907,3.550417538,3.753510405,4.673317233,4.322280097,4.303222911,4.681067648,4.710903067,4.763975743,4.484017994,4.483197021,4.751198669,5.078560425,5.358780828,5.117932912,4.560248809,4.747998838,4.61400951,4.91370927,4.716177764,4.963606244,4.697888657,3.737540843,1.756642614,1.076404457,1.638984373,1.843741529,1.860273357,1.696173461,1.6395111,1.51224501
52.5,1.807851355,1.75866814,1.777542427,1.90568605,2.072238874,2.178120357,2.174554716,2.016926555,1.926118318,1.980198297,2.287471924,2.661891626,2.475352354,2.508507642,3.487400745,3.403540063,3.568822863,3.803585569,3.496919713,3.128825491,3.378608775,3.560082111,3.620779789,3.753611511,2.856105073,2.248277344,0.971434185,-0.005400215,-0.334948797,-0.695394254,-0.369443283,0.205043944,0.661307467,1.259082344,1.813615676,2.288749642,2.448616679,3.003426001,3.250817345,2.841634455,3.346795716,4.213881998,4.303331125,4.656955712,4.803720427,5.177685858,4.847989918,4.249563196,4.492049259,4.484133516,5.007379528,4.665619073,4.466905796,4.731706519,4.909810212,5.10519067,5.287717093,4.869299116,4.500347385,4.631105922,4.201818012,4.509402518,4.863215474,3.656968253,2.885486975,0.967053571,1.272070731,2.119711239,1.540974552,1.462901022,1.641767608,1.639026956
57.5,1.614588399,1.763255923,2.001485771,2.226138941,2.456942659,2.577521775,2.509597614,2.340417518,2.248335593,2.265471166,3.338680866,3.488594123,3.212586259,3.999081359,4.008001838,3.860786376,3.652614843,2.143366046,NA,NA,NA,3.776413003,3.728227798,4.947544097,2.618450861,1.594243289,0.643462238,-0.191808378,-0.488920782,-0.604313709,-0.444744592,-0.068158964,0.431653677,0.805777894,1.203677285,1.407167828,1.552425371,2.049013334,2.5813268,2.770770225,2.810721493,3.880413793,4.130260856,4.473834847,4.292908016,4.506676499,4.096693869,3.573204924,4.49136669,3.94556286,4.334862332,4.751099321,4.365760434,4.795056424,4.613275657,4.703481576,4.990170405,3.94467517,4.412793517,4.4821623,4.300180932,4.285703415,4.467987338,3.514388085,3.11091713,1.179996966,1.435140563,2.496096548,1.662013523,1.253435462,1.118845448,1.322240236
62.5,NA,NA,1.846858598,3.147714797,3.731110717,3.735898451,3.316916035,3.503440282,3.977414993,3.787084683,4.338009312,4.815563724,5.17092012,4.180263607,3.956642829,3.676597663,3.652900209,NA,NA,NA,NA,NA,NA,NA,1.657468813,0.85225678,1.408478714,0.5689715,-0.641877158,-0.265637041,0.005586426,0.570497644,0.766936475,0.865302006,0.961792423,1.117518593,1.214314953,1.966844321,2.972231229,3.346578479,3.237650302,3.444474087,3.44410918,3.562130797,3.610643551,3.619347807,3.524954705,3.213635089,3.219524721,3.091184927,4.194069132,4.558740878,4.781668773,4.597091619,4.25395586,4.263930535,4.699800172,4.311694129,4.178694416,3.965838785,3.544136234,3.594281106,3.926774937,4.074647023,NA,NA,5.394109347,NA,2.72622997,3.022630027,2.769921801,2.187814022
67.5,NA,NA,NA,4.144286408,4.870817129,4.804214058,5.199426759,4.983041176,5.251059367,5.568211333,5.231684127,5.075273036,5.185802671,3.913774719,3.156779399,NA,NA,NA,NA,NA,NA,NA,NA,NA,NA,NA,NA,NA,1.028402602,NA,NA,1.382453932,1.175098345,0.873252489,0.880921044,0.986296482,1.311105966,1.752686425,2.22825246,2.958049398,3.196193832,3.126985268,2.895830062,3.130752102,2.607302707,NA,3.571168339,3.601055841,3.760532039,3.831581206,3.535639783,4.369996584,3.967031181,3.868725285,4.817087581,4.306677457,NA,NA,NA,NA,NA,4.133845903,4.025270155,NA,NA,NA,NA,NA,NA,NA,NA,NA
72.5,NA,NA,NA,NA,NA,NA,NA,NA,NA,NA,NA,NA,NA,NA,NA,NA,NA,NA,NA,NA,NA,NA,NA,NA,2.62258347,NA,NA,NA,NA,NA,1.706766296,NA,NA,NA,1.124874382,1.256610393,1.193856844,1.765526773,2.175065705,2.296887849,2.231378894,2.241834576,2.272317515,1.99538556,2.4789778,3.416042685,3.330776924,NA,NA,NA,NA,NA,NA,NA,NA,NA,NA,NA,NA,NA,2.650717379,2.672757423,NA,NA,NA,NA,NA,NA,NA,NA,NA,NA
77.5,NA,NA,NA,NA,NA,NA,NA,NA,NA,NA,NA,NA,NA,NA,NA,NA,NA,NA,NA,NA,NA,NA,NA,NA,NA,NA,NA,NA,NA,NA,NA,NA,NA,NA,NA,NA,NA,2.295113428,2.19879672,NA,NA,NA,NA,NA,NA,NA,NA,NA,NA,NA,NA,NA,NA,NA,NA,NA,NA,NA,NA,NA,NA,NA,NA,NA,NA,NA,NA,NA,NA,NA,NA,NA
82.5,NA,NA,NA,NA,NA,NA,NA,NA,NA,NA,NA,NA,NA,NA,NA,NA,NA,NA,NA,NA,NA,NA,NA,NA,NA,NA,NA,NA,NA,NA,NA,NA,NA,NA,NA,NA,NA,NA,NA,NA,NA,NA,NA,NA,NA,NA,NA,NA,NA,NA,NA,NA,NA,NA,NA,NA,NA,NA,NA,NA,NA,NA,NA,NA,NA,NA,NA,NA,NA,NA,NA,NA
87.5,NA,NA,NA,NA,NA,NA,NA,NA,NA,NA,NA,NA,NA,NA,NA,NA,NA,NA,NA,NA,NA,NA,NA,NA,NA,NA,NA,NA,NA,NA,NA,NA,NA,NA,NA,NA,NA,NA,NA,NA,NA,NA,NA,NA,NA,NA,NA,NA,NA,NA,NA,NA,NA,NA,NA,NA,NA,NA,NA,NA,NA,NA,NA,NA,NA,NA,NA,NA,NA,NA,NA,NA
